Phase,Task,Sector,Ventures,Priority,Status,Start_Date,Target_Date,Notes
1.2,Extract_Contacts,Marketplace,194,HIGH,Ready,2026-05-15,2026-05-21,"Largest sector - ecommerce founders, operators"
1.2,Extract_Contacts,Infrastructure,109,HIGH,Ready,2026-05-15,2026-05-21,"Platform architects, devops leads"
1.2,Extract_Contacts,Fintech,47,HIGH,Ready,2026-05-15,2026-05-21,"Financial operators, investors, tax professionals"
1.2,Extract_Contacts,DevTools,91,MEDIUM,Ready,2026-05-22,2026-05-28,"Developer advocates, open source leads"
1.2,Extract_Contacts,AI,72,MEDIUM,Ready,2026-05-22,2026-05-28,"ML engineers, automation founders"
1.2,Extract_Contacts,EdTech,69,MEDIUM,Ready,2026-05-22,2026-05-28,"Education leaders, course creators"
1.2,Extract_Contacts,Healthcare,1,LOW,Ready,2026-05-29,2026-05-31,"Health professionals, medical leaders"
1.2,Build_Contact_Lists,All,583,HIGH,Pending,2026-05-21,2026-05-28,"Consolidate by sector, prioritize by deal size"
1.2,Develop_Messaging,All,7,HIGH,Pending,2026-05-22,2026-05-28,"Create sector-specific GTM messaging"
1.2,Setup_Sequences,All,583,HIGH,Pending,2026-05-29,2026-05-31,"Email and LinkedIn outreach sequences"
1.3,Social_Media_Audit,All,583,MEDIUM,Pending,2026-06-01,2026-06-15,"Track presence, engagement, growth"
