venture_id,venture_name,sector,stage,required_capabilities,capability_count
3b1b67db-86a0-43f5-ab28-c3c8f2e30747,?,fintech,?,api | authentication | database | monitoring | payment | security,6
f9de7000-12db-42f4-bf35-6dda7e18e11d,?,fintech,?,api | authentication | database | monitoring | payment | security,6
48078344-8da1-4ee7-8dba-049b8b3e0ec6,?,fintech,?,api | authentication | database | monitoring | payment | security,6
6a871b02-00ea-42b9-b16d-c14212aa34a3,?,fintech,?,api | authentication | database | monitoring | payment | security,6
2d717fcc-a5b1-40db-90c5-0c0c86f2be1e,?,fintech,?,api | authentication | database | monitoring | payment | security,6
e0e532a2-b8af-43df-98af-90f00445b67c,?,fintech,?,api | authentication | database | monitoring | payment | security,6
7e0ee192-1311-497f-9d6a-f6993b5cc251,?,fintech,?,api | authentication | database | monitoring | payment | security,6
6ecd4ac6-2f01-42c2-8719-7ed67242746e,?,fintech,?,api | authentication | database | monitoring | payment | security,6
2b8ec933-7b91-4aa0-b80a-788d979179e1,?,fintech,?,api | authentication | database | monitoring | payment | security,6
bb1e8456-d7f0-44fa-a8c3-7fc7cf06363a,?,fintech,?,api | authentication | database | monitoring | payment | security,6
146ed62c-d9e8-4285-b2c8-8b852dbfa76b,?,fintech,?,api | authentication | database | monitoring | payment | security,6
15572af9-e058-492c-b9e9-0938b4d07fb7,?,fintech,?,api | authentication | database | monitoring | payment | security,6
a4edc8b5-1635-4e87-85eb-bfcc9e168697,?,fintech,?,api | authentication | database | monitoring | payment | security,6
e8306358-7f14-4b3a-85e2-38c42a2025c5,?,fintech,?,api | authentication | database | monitoring | payment | security,6
01f74934-8d29-4292-86d9-4a5c6af217ed,?,fintech,?,api | authentication | database | monitoring | payment | security,6
dd78dc7f-ab6a-4c1f-9405-b0cbd827ae0d,?,fintech,?,api | authentication | database | monitoring | payment | security,6
b13db59f-e664-4315-9af3-5452a3c9f95c,?,fintech,?,api | authentication | database | monitoring | payment | security,6
3d54893a-074f-4fbe-834c-e5290d6a81dd,?,fintech,?,api | authentication | database | monitoring | payment | security,6
358c0fb7-60f0-49f0-af22-165ab5d8088a,?,fintech,?,api | authentication | database | monitoring | payment | security,6
d0ac1d6c-7634-49ef-b53b-1a9d5cad627f,?,fintech,?,api | authentication | database | monitoring | payment | security,6
987c8140-a75c-4ba6-a401-fe9f9835b963,?,fintech,?,api | authentication | database | monitoring | payment | security,6
dccea2da-3d6e-4869-8e37-65d90a529fa4,?,fintech,?,api | authentication | database | monitoring | payment | security,6
60598b62-cd1d-4be5-8021-3cb3bf7ff370,?,fintech,?,api | authentication | database | monitoring | payment | security,6
2c7f67bd-5ef9-43dc-9415-a20b5785d344,?,fintech,?,api | authentication | database | monitoring | payment | security,6
762cb3e5-3aad-4234-9035-0792b876af01,?,fintech,?,api | authentication | database | monitoring | payment | security,6
62adf78e-c391-4e8d-a0c5-c45f73b4fa06,?,fintech,?,api | authentication | database | monitoring | payment | security,6
3ca65cde-afba-402a-a609-514162c04b49,?,fintech,?,api | authentication | database | monitoring | payment | security,6
2456b3b6-1012-4c1c-ace0-0f100383fda2,?,fintech,?,api | authentication | database | monitoring | payment | security,6
37827f2a-b6dc-4218-a578-d96cb004b1f0,?,fintech,?,api | authentication | database | monitoring | payment | security,6
a12d6916-eb38-49ad-8293-17a68098b94f,?,fintech,?,api | authentication | database | monitoring | payment | security,6
f2271f17-3ca5-4e9d-9518-bab57abef224,?,fintech,?,api | authentication | database | monitoring | payment | security,6
31814643-600d-495d-8d8e-200317f998bf,?,fintech,?,api | authentication | database | monitoring | payment | security,6
8d5aaff7-e742-4eca-8bb5-dbe1a84fff26,?,fintech,?,api | authentication | database | monitoring | payment | security,6
c3420a69-2d33-48d6-b5bd-eae1021e86e2,?,fintech,?,api | authentication | database | monitoring | payment | security,6
a816b258-9f64-471b-98cf-85682d14589b,?,fintech,?,api | authentication | database | monitoring | payment | security,6
db540a0b-9916-4c91-b31c-e6390b861032,?,fintech,?,api | authentication | database | monitoring | payment | security,6
6864b44d-111b-4f8f-9d86-70c7576ba018,?,fintech,?,api | authentication | database | monitoring | payment | security,6
da7741e1-3e05-4949-9a87-cfdd2d70d256,?,fintech,?,api | authentication | database | monitoring | payment | security,6
55c975e3-18d8-4af6-be4c-dc5be06d881d,?,fintech,?,api | authentication | database | monitoring | payment | security,6
963b382c-a761-465c-b417-02501d107650,?,fintech,?,api | authentication | database | monitoring | payment | security,6
a2192e41-9b9d-4d1a-8f84-bed3ecd9d653,?,fintech,?,api | authentication | database | monitoring | payment | security,6
af84081d-f743-43b4-9871-c257fcfaf870,?,fintech,?,api | authentication | database | monitoring | payment | security,6
6364ddf9-5003-46c7-b3ee-06947120b0dc,?,fintech,?,api | authentication | database | monitoring | payment | security,6
54e48239-6fe9-4a4c-8559-d10072f4673a,?,fintech,?,api | authentication | database | monitoring | payment | security,6
994cd260-66b9-4291-84bc-98f04cd9a7f1,?,fintech,?,api | authentication | database | monitoring | payment | security,6
bdf2e0fb-7dde-478e-a48e-d363192d733c,?,fintech,?,api | authentication | database | monitoring | payment | security,6
30a407a5-4af5-42e5-8400-e5df314732e2,?,fintech,?,api | authentication | database | monitoring | payment | security,6
d0d98760-a747-4f6b-b1ca-b7ae450b1c94,?,infra,?,api | authentication | database | monitoring | security,5
735005b0-79ea-4830-9dea-3cbe38f8bdc5,?,infra,?,api | authentication | database | monitoring | security,5
5f4b6855-0f89-4ea3-9c09-d10c6e1b4306,?,infra,?,api | authentication | database | monitoring | security,5
b67131dd-d6ff-4b21-8a9d-7e75d37a03ff,?,edtech,?,api | authentication | dashboard | database | workspace,5
3d9e26bd-f37c-4d22-a32c-e6fbc723b813,?,edtech,?,api | authentication | dashboard | database | workspace,5
69d0a7bd-f645-48e8-9370-1598d91fce73,?,infra,?,api | authentication | database | monitoring | security,5
970a10cd-39de-444c-ab02-a322ffe9595b,?,edtech,?,api | authentication | dashboard | database | workspace,5
fd2288c3-1121-4d93-bfaa-29850dfcd027,?,infra,?,api | authentication | database | monitoring | security,5
7bc634f2-5227-4b5b-986d-f73c46f575d3,?,edtech,?,api | authentication | dashboard | database | workspace,5
8114d985-08c8-4a84-ac8c-66d5ab341429,?,devtools,?,api | authentication | dashboard | database | monitoring,5
791334c8-a949-41bf-b656-a9c2891eec02,?,infra,?,api | authentication | database | monitoring | security,5
51b7ebf7-d058-49ec-8833-8021a05b7a09,?,devtools,?,api | authentication | dashboard | database | monitoring,5
3dd10317-9390-4ece-be1d-7727c9a3c77d,?,devtools,?,api | authentication | dashboard | database | monitoring,5
554e22d2-a833-48b3-b9db-a02721589a59,?,devtools,?,api | authentication | dashboard | database | monitoring,5
3a440860-6aed-44b2-8493-72da772496b6,?,infra,?,api | authentication | database | monitoring | security,5
53092cce-000a-4f02-acbd-c38c3e47fe4b,?,market,?,api | authentication | dashboard | database | portfolio,5
b54d49c0-24c4-47d7-93f9-d0679060c937,?,market,?,api | authentication | dashboard | database | portfolio,5
49526c95-3d5f-4702-9c1b-eafe7fa02750,?,market,?,api | authentication | dashboard | database | portfolio,5
d1f6f63b-92ae-4fbe-8093-37109d55a981,?,edtech,?,api | authentication | dashboard | database | workspace,5
feeefc69-b1fd-4f4e-91f3-9bf4ab607cf2,?,edtech,?,api | authentication | dashboard | database | workspace,5
a3db939f-2f22-4ba6-a702-7fcbc4ef85b7,?,infra,?,api | authentication | database | monitoring | security,5
ee6e566c-e19d-47b1-a996-460577499ee4,?,infra,?,api | authentication | database | monitoring | security,5
c866fec8-a7a9-49ae-ada3-9ae2b61936a9,?,infra,?,api | authentication | database | monitoring | security,5
2471d5ff-1524-4bca-98f6-48080f8b75d6,?,infra,?,api | authentication | database | monitoring | security,5
5d0712c4-19f4-4fb0-9fd5-456d688e791b,?,market,?,api | authentication | dashboard | database | portfolio,5
0142298f-d27e-4f27-b9f7-621d7df2051d,?,edtech,?,api | authentication | dashboard | database | workspace,5
0ef43be4-0a97-4b81-bb34-318e99be2e79,?,market,?,api | authentication | dashboard | database | portfolio,5
1467e5ce-7a97-4daa-a208-f412fcd8d0b9,?,market,?,api | authentication | dashboard | database | portfolio,5
14ca9c22-60b1-470f-b4ed-75345f04b6ae,?,edtech,?,api | authentication | dashboard | database | workspace,5
10632f64-18a7-4ee0-98ac-a5cde697b304,?,devtools,?,api | authentication | dashboard | database | monitoring,5
04a3ad6b-edcf-4945-ba81-ca8e0ca8a265,?,market,?,api | authentication | dashboard | database | portfolio,5
12502e9e-f74e-477a-aaa7-692515b8e7bf,?,market,?,api | authentication | dashboard | database | portfolio,5
05724c9d-2438-42d6-acb5-d56a1ee13700,?,market,?,api | authentication | dashboard | database | portfolio,5
070d3984-7a16-478c-af2d-eb1ee1956679,?,infra,?,api | authentication | database | monitoring | security,5
0b77ec4f-069c-4cec-a1ab-e512b6112c51,?,infra,?,api | authentication | database | monitoring | security,5
0c6aee03-1791-4ee5-be62-3b728b329507,?,infra,?,api | authentication | database | monitoring | security,5
0cb23daa-89cf-4024-8d48-19ef3070544b,?,infra,?,api | authentication | database | monitoring | security,5
143e7aea-a027-43c8-8d0e-8d0f2bb56ebe,?,infra,?,api | authentication | database | monitoring | security,5
0d31cc43-724b-4f18-ab7e-eee59d351acd,?,devtools,?,api | authentication | dashboard | database | monitoring,5
058bc6e3-2b03-4234-ade7-5bdc10a27e79,?,market,?,api | authentication | dashboard | database | portfolio,5
0811dbca-04ed-4e24-a051-2fc8ab94d028,?,market,?,api | authentication | dashboard | database | portfolio,5
13a359cd-b81e-4308-97ae-866caa26cbaf,?,edtech,?,api | authentication | dashboard | database | workspace,5
148ae630-ad97-4241-a1e6-2baf1ff50aca,?,market,?,api | authentication | dashboard | database | portfolio,5
e52fe3ef-7143-493b-972b-842b0e3dc914,?,market,?,api | authentication | dashboard | database | portfolio,5
082e7623-58f3-484b-a306-43d607fbf147,?,infra,?,api | authentication | database | monitoring | security,5
03bdd08f-74c4-4136-9e20-b1116922c386,?,infra,?,api | authentication | database | monitoring | security,5
8071f41e-7e52-471b-bd3a-827275046c85,?,devtools,?,api | authentication | dashboard | database | monitoring,5
f63eb65f-2a9c-4cf6-857c-a306d4e95c7f,?,infra,?,api | authentication | database | monitoring | security,5
9161fa5c-e0fb-4f9d-9a95-6f1134138635,?,infra,?,api | authentication | database | monitoring | security,5
4d4db78a-818f-4ad3-81fb-cb4b4a1f9fbe,?,infra,?,api | authentication | database | monitoring | security,5
01c5e938-dbea-4bc7-9cdf-441ebc75c1a6,?,devtools,?,api | authentication | dashboard | database | monitoring,5
150c4561-556e-49c2-a85f-a313bf3157bf,?,devtools,?,api | authentication | dashboard | database | monitoring,5
0ade2bf0-c2a2-4373-9179-2c773ea44a76,?,market,?,api | authentication | dashboard | database | portfolio,5
11042f16-27fe-4c22-80d8-719ec6a3dc83,?,market,?,api | authentication | dashboard | database | portfolio,5
135a93dd-eafe-4547-872d-1881adc1a5de,?,market,?,api | authentication | dashboard | database | portfolio,5
0ea29e71-8639-4202-925b-ecb70c013800,?,market,?,api | authentication | dashboard | database | portfolio,5
9e4f8a59-04d9-4057-a45f-1674be04bf5c,?,devtools,?,api | authentication | dashboard | database | monitoring,5
484ac493-c394-4ca1-aa18-e514a8844312,?,health,?,api | authentication | database | monitoring | security,5
38f31487-8db1-447f-a399-b058408b194c,?,market,?,api | authentication | dashboard | database | portfolio,5
d7ddcedd-b082-4e19-b6b4-369cb6a52322,?,market,?,api | authentication | dashboard | database | portfolio,5
90169a53-ccf0-4bae-b9c5-b8e5c953859b,?,market,?,api | authentication | dashboard | database | portfolio,5
96ce7a14-8c57-4c0a-9b22-e4e72ca2b6f5,?,market,?,api | authentication | dashboard | database | portfolio,5
a0243d57-44bb-4d84-b65b-6f365551c43a,?,market,?,api | authentication | dashboard | database | portfolio,5
c4a823cd-b52a-41a9-bea1-1a9762807f93,?,market,?,api | authentication | dashboard | database | portfolio,5
f2dd65e6-3f8c-4797-8d8f-b00486d6c65a,?,edtech,?,api | authentication | dashboard | database | workspace,5
6dbf2ae4-e7cb-4a89-a953-7f7810fff452,?,edtech,?,api | authentication | dashboard | database | workspace,5
da90d565-e3c0-4f88-b518-d36ebcd01c9b,?,edtech,?,api | authentication | dashboard | database | workspace,5
85ce4f91-864f-40b1-946b-d9c061866584,?,edtech,?,api | authentication | dashboard | database | workspace,5
db4cffab-87d5-450e-a9c6-6aa34417c735,?,edtech,?,api | authentication | dashboard | database | workspace,5
46361eff-dc42-4c53-bb98-9c307b472ff2,?,edtech,?,api | authentication | dashboard | database | workspace,5
fdfc8bd5-9c3f-484f-8fbe-dcf2287efe1c,?,edtech,?,api | authentication | dashboard | database | workspace,5
c90e4c85-735c-4771-a7b5-d25aff635d61,?,edtech,?,api | authentication | dashboard | database | workspace,5
7db5a21d-82bf-48aa-a931-5e6b014afa57,?,edtech,?,api | authentication | dashboard | database | workspace,5
b0ebffe2-21fe-4d7f-917a-1c648598d852,?,edtech,?,api | authentication | dashboard | database | workspace,5
5dd46624-6e8a-467e-9e4b-b23248929ede,?,market,?,api | authentication | dashboard | database | portfolio,5
b0c2ff55-8805-49a7-bd66-0e33ea1eda89,?,infra,?,api | authentication | database | monitoring | security,5
1beee46c-512a-4465-bea0-930c5cf9b6c4,?,devtools,?,api | authentication | dashboard | database | monitoring,5
53d29854-db4f-4077-9bc4-a425e90dd022,?,devtools,?,api | authentication | dashboard | database | monitoring,5
f24c9f6e-f7d9-45e2-b7c3-eb3983488101,?,edtech,?,api | authentication | dashboard | database | workspace,5
57714f4e-8b35-4ba2-acd6-be638b5651bc,?,edtech,?,api | authentication | dashboard | database | workspace,5
eab49199-7a5e-43e3-b17a-7783f2ba88df,?,edtech,?,api | authentication | dashboard | database | workspace,5
563d83e2-b55d-4660-8124-578d94f48393,?,edtech,?,api | authentication | dashboard | database | workspace,5
dc8b2b20-b9d9-4fe4-a751-0a6c19e15f63,?,edtech,?,api | authentication | dashboard | database | workspace,5
cbd335a4-72a4-4872-ae3d-cf1ba1a704d3,?,edtech,?,api | authentication | dashboard | database | workspace,5
5e6d3547-fc5a-4511-b7dc-ea829aff7b17,?,edtech,?,api | authentication | dashboard | database | workspace,5
ddd8bd06-d375-4481-bbc8-094e7dd3297a,?,edtech,?,api | authentication | dashboard | database | workspace,5
ec0ff7a7-721f-46a0-90a3-e3844221e78f,?,edtech,?,api | authentication | dashboard | database | workspace,5
50fdd75b-08e3-4b25-adb5-3252b0218edc,?,edtech,?,api | authentication | dashboard | database | workspace,5
76fc699c-07a5-47f1-850b-1b87d4b09383,?,edtech,?,api | authentication | dashboard | database | workspace,5
bbdddf73-f481-4f73-ada7-6fb998501bd2,?,market,?,api | authentication | dashboard | database | portfolio,5
8d2ef00c-2f60-47ea-8d5f-f94e8b8bc701,?,market,?,api | authentication | dashboard | database | portfolio,5
3a4480a4-8bd4-4746-a444-4858dec05e59,?,market,?,api | authentication | dashboard | database | portfolio,5
cee277a2-252a-4d6d-a6b4-ca2291f3b047,?,market,?,api | authentication | dashboard | database | portfolio,5
8cc3a6d7-c784-480c-b552-179e3c9282fb,?,market,?,api | authentication | dashboard | database | portfolio,5
645f19c8-cbab-48ac-8d92-08ee7d424015,?,market,?,api | authentication | dashboard | database | portfolio,5
5e3fc237-1b40-4f1a-81f7-b66908c2d4fa,?,infra,?,api | authentication | database | monitoring | security,5
aaefb38e-6387-4201-abec-6e5c7f7f25b2,?,devtools,?,api | authentication | dashboard | database | monitoring,5
ed6015ca-25bd-44a5-830a-0c133c775458,?,market,?,api | authentication | dashboard | database | portfolio,5
80a66845-2d08-4c50-b0eb-fdfde32cbf73,?,devtools,?,api | authentication | dashboard | database | monitoring,5
51c2c031-02b0-4148-b832-770c16239b68,?,devtools,?,api | authentication | dashboard | database | monitoring,5
043c6a81-c6f6-40e2-9124-2b0e3558d65b,?,market,?,api | authentication | dashboard | database | portfolio,5
e64973ab-ff5b-42b8-8715-b84995c4e0a0,?,market,?,api | authentication | dashboard | database | portfolio,5
f3d6352b-6832-49fc-ae36-cf56de5c2bb1,?,market,?,api | authentication | dashboard | database | portfolio,5
6e03ed0c-0d20-4147-a680-332e759a07dd,?,market,?,api | authentication | dashboard | database | portfolio,5
93f3303f-f348-4a6b-ba2e-6cb8c99e0017,?,market,?,api | authentication | dashboard | database | portfolio,5
85d54f89-f312-44e7-8496-52e378792fd5,?,market,?,api | authentication | dashboard | database | portfolio,5
9b7afdc4-9d07-479c-aeca-87399619086c,?,market,?,api | authentication | dashboard | database | portfolio,5
858c5450-298c-4bd6-bf37-1ab288b1963c,?,market,?,api | authentication | dashboard | database | portfolio,5
0237b0cc-4b8b-4979-9c97-31ecd9f9645d,?,infra,?,api | authentication | database | monitoring | security,5
c5e845a8-3112-44b9-8844-f4f54e8a2d9c,?,market,?,api | authentication | dashboard | database | portfolio,5
68ec8784-6ac5-4852-ae40-3b82fd4d010e,?,market,?,api | authentication | dashboard | database | portfolio,5
4a1ed3f5-3513-4d52-8bf2-18010dc65aa3,?,market,?,api | authentication | dashboard | database | portfolio,5
dc375d7b-5925-4346-b232-33e7c09e91ac,?,market,?,api | authentication | dashboard | database | portfolio,5
f2a88c1a-16a4-4338-8635-285e380fa9eb,?,market,?,api | authentication | dashboard | database | portfolio,5
6fc00e9b-1417-49ba-b99e-9123e2f6e0aa,?,market,?,api | authentication | dashboard | database | portfolio,5
8ec68695-7424-4caa-8100-8f600999db01,?,market,?,api | authentication | dashboard | database | portfolio,5
a479d43e-385b-4695-ad6d-7a846697369e,?,market,?,api | authentication | dashboard | database | portfolio,5
c6c67e0b-3945-4ce9-a06a-bc4908a07584,?,market,?,api | authentication | dashboard | database | portfolio,5
1f0860d6-28de-4dc9-94a9-b47451525e36,?,market,?,api | authentication | dashboard | database | portfolio,5
e9e457f0-1c93-4c87-b5c2-3ca4024270b0,?,market,?,api | authentication | dashboard | database | portfolio,5
7c7d17f8-d8d1-42ae-8d45-fe0baffe69f4,?,market,?,api | authentication | dashboard | database | portfolio,5
0f8fb560-a2fe-44f5-a527-8473a64371eb,?,market,?,api | authentication | dashboard | database | portfolio,5
22a39e70-ebd8-4cd9-ae00-8355d43d786a,?,re,?,api | dashboard | database | portfolio | workspace,5
0c242bc0-f5ff-4fdc-b9d4-9852ef03e2e9,?,infra,?,api | authentication | database | monitoring | security,5
2419bf07-b3f2-400f-a2c5-acab2bce597b,?,con,?,api | construction | dashboard | database | workspace,5
0cfa37d1-5dbe-44de-ac1d-bb54b5f2f26b,?,devtools,?,api | authentication | dashboard | database | monitoring,5
b9c1c9a3-5927-480c-857d-6b99be35254b,?,devtools,?,api | authentication | dashboard | database | monitoring,5
4f3bc116-b77f-4b3a-a9f6-a3327a21762d,?,edtech,?,api | authentication | dashboard | database | workspace,5
28186c7a-9e4b-4b2c-884c-2bf6a7750009,?,market,?,api | authentication | dashboard | database | portfolio,5
a7313b93-1f7c-4b8d-a76f-05adc9f19044,?,edtech,?,api | authentication | dashboard | database | workspace,5
865e4148-4fb4-4fb6-96ec-65c6602936e8,?,infra,?,api | authentication | database | monitoring | security,5
a90fb2af-322e-4d30-a788-cbceb022ffd4,?,devtools,?,api | authentication | dashboard | database | monitoring,5
69a09970-4f23-4629-898f-68945a6c432b,?,devtools,?,api | authentication | dashboard | database | monitoring,5
8ae79082-a341-4e02-b85d-2d8cb240399d,?,market,?,api | authentication | dashboard | database | portfolio,5
55af196a-fcc9-45c2-9890-e711c18cb9e4,?,market,?,api | authentication | dashboard | database | portfolio,5
2ff505e9-628e-4851-88c2-891abc76953b,?,market,?,api | authentication | dashboard | database | portfolio,5
f3ef9069-0b9c-4d4f-ac54-c01848ad3a4c,?,infra,?,api | authentication | database | monitoring | security,5
cf272b81-21e0-4813-b736-6ff0c4ba488c,?,market,?,api | authentication | dashboard | database | portfolio,5
7959b02f-1512-4880-889c-44c7a6ab1a87,?,market,?,api | authentication | dashboard | database | portfolio,5
7e68ff6b-17ce-4847-9d52-3fae4260b4bd,?,market,?,api | authentication | dashboard | database | portfolio,5
77fab7a8-4d14-40ac-bc3e-e4b65f042b21,?,market,?,api | authentication | dashboard | database | portfolio,5
ce8de855-9294-4cc0-b643-58194185a635,?,market,?,api | authentication | dashboard | database | portfolio,5
2d9b6d1a-bad4-4e8a-ae88-63a5e44419ef,?,market,?,api | authentication | dashboard | database | portfolio,5
a28e1c68-b54f-4a44-baa8-3b710f6e7068,?,market,?,api | authentication | dashboard | database | portfolio,5
8d2079c2-7cd5-4858-a4e4-38f13d063054,?,market,?,api | authentication | dashboard | database | portfolio,5
2016874b-887e-4fde-9df6-a28ab07a7f94,?,market,?,api | authentication | dashboard | database | portfolio,5
691a2d51-26a0-40db-b14e-e62995a73f5e,?,market,?,api | authentication | dashboard | database | portfolio,5
51b7c13a-d958-4d87-91c1-e4a5a49a789a,?,market,?,api | authentication | dashboard | database | portfolio,5
e6e855f6-f953-4c57-8070-969ec53bbe81,?,edtech,?,api | authentication | dashboard | database | workspace,5
96e42cd0-c04d-49c2-a9c7-696fc08fe1f1,?,edtech,?,api | authentication | dashboard | database | workspace,5
97e20624-c42a-4c26-a4f2-b2b4a23cf7e0,?,market,?,api | authentication | dashboard | database | portfolio,5
a62dd704-6931-4492-a602-8b69579a8f1a,?,market,?,api | authentication | dashboard | database | portfolio,5
3579fc6c-200c-4f67-af16-e9d6daa8aeef,?,edtech,?,api | authentication | dashboard | database | workspace,5
a6ff4191-ea6d-4ae7-8594-4d8e5c817a24,?,edtech,?,api | authentication | dashboard | database | workspace,5
0f6a2756-2bc4-4fd5-abb9-30d24b087aca,?,devtools,?,api | authentication | dashboard | database | monitoring,5
0560c36b-06ee-4de2-97ab-60b75d4d1036,?,infra,?,api | authentication | database | monitoring | security,5
01d525cb-7d20-400d-8755-feb73fdad2be,?,edtech,?,api | authentication | dashboard | database | workspace,5
227ee829-19eb-4140-8f4e-d5c738068733,?,market,?,api | authentication | dashboard | database | portfolio,5
02ee37b5-eb8a-4f42-ad94-79b7e5472d22,?,market,?,api | authentication | dashboard | database | portfolio,5
35805956-8944-40e8-a4f4-8977fb6b3746,?,market,?,api | authentication | dashboard | database | portfolio,5
de6c1ef8-064c-459a-b0ba-80ff12ef8e57,?,infra,?,api | authentication | database | monitoring | security,5
b6823f63-1d6d-4b98-a640-3766a0637c50,?,market,?,api | authentication | dashboard | database | portfolio,5
4322cdc5-bd82-4466-93bd-a996edf3ba12,?,con,?,api | construction | dashboard | database | workspace,5
e98dbadb-09da-451d-85c6-d98d670d37c9,?,con,?,api | construction | dashboard | database | workspace,5
f98ce20d-3fb9-4dae-a8af-890f97920a98,?,devtools,?,api | authentication | dashboard | database | monitoring,5
fa284812-facc-4c83-b825-106ea6626efd,?,devtools,?,api | authentication | dashboard | database | monitoring,5
6cab83a8-f1f8-4b3a-82df-5ff417b6e4f5,?,devtools,?,api | authentication | dashboard | database | monitoring,5
c001506d-453e-482d-991b-d08be43a4e68,?,edtech,?,api | authentication | dashboard | database | workspace,5
5edf415f-1051-4f10-bb16-670e3dc28dd5,?,market,?,api | authentication | dashboard | database | portfolio,5
5e14ba4a-4152-4f8b-b782-1e9cc56299d4,?,infra,?,api | authentication | database | monitoring | security,5
42958522-0037-4ce0-a015-4a45bd3df1b6,?,market,?,api | authentication | dashboard | database | portfolio,5
84c1bc81-7c50-455d-958b-e6d4af9b2a24,?,market,?,api | authentication | dashboard | database | portfolio,5
08b32575-d364-4c67-9e6a-137ee4e37c58,?,market,?,api | authentication | dashboard | database | portfolio,5
51d69a32-a9fe-47b8-b3c7-88780372918b,?,market,?,api | authentication | dashboard | database | portfolio,5
1e024252-6dd8-4413-b4c2-462db4ed5320,?,market,?,api | authentication | dashboard | database | portfolio,5
7324eb78-30e3-4eb0-b09b-117237dea38d,?,re,?,api | dashboard | database | portfolio | workspace,5
00820f11-bc63-4ed5-b515-a9250718b65d,?,re,?,api | dashboard | database | portfolio | workspace,5
1c2815b7-14da-46d8-9def-d3fafd52127f,?,re,?,api | dashboard | database | portfolio | workspace,5
05824164-ab9d-4a98-bebc-2cbae6913530,?,con,?,api | construction | dashboard | database | workspace,5
1ecbc9e3-88bf-4d29-9a90-1ee5e2d2549b,?,con,?,api | construction | dashboard | database | workspace,5
151763db-b390-47a9-bd1b-82c4e492aeb2,?,con,?,api | construction | dashboard | database | workspace,5
0a663217-7731-41d7-873f-13f9742a9a8c,?,infra,?,api | authentication | database | monitoring | security,5
0d0043e7-228c-4c3c-8a34-bf38798c692c,?,devtools,?,api | authentication | dashboard | database | monitoring,5
09da8b0a-9a94-461e-a1ac-3009d7e8cf5e,?,edtech,?,api | authentication | dashboard | database | workspace,5
012af0d5-5417-42ba-8396-a5b6a507f98a,?,infra,?,api | authentication | database | monitoring | security,5
06018304-6677-466a-b2ca-48b723420496,?,devtools,?,api | authentication | dashboard | database | monitoring,5
4285eea8-23f3-45c8-8a66-f9fb65d29550,?,edtech,?,api | authentication | dashboard | database | workspace,5
f0148df8-77c8-4c40-9ef8-fcd5cb87edef,?,edtech,?,api | authentication | dashboard | database | workspace,5
86a605b4-2b10-40a8-aab4-f18b84d5c0fb,?,edtech,?,api | authentication | dashboard | database | workspace,5
b3f28524-624d-469d-8c34-621298411a61,?,re,?,api | dashboard | database | portfolio | workspace,5
a458a464-3244-4623-847c-9b2fc339b9ec,?,market,?,api | authentication | dashboard | database | portfolio,5
64669816-60f5-4f5d-822c-d542a5398c33,?,market,?,api | authentication | dashboard | database | portfolio,5
e43ada0c-5456-42a0-b676-4b45e962ccb0,?,market,?,api | authentication | dashboard | database | portfolio,5
da6db9a4-0c5f-411e-be5c-40443c983db9,?,re,?,api | dashboard | database | portfolio | workspace,5
e00d65a5-aea9-4a1a-8039-085789bababf,?,re,?,api | dashboard | database | portfolio | workspace,5
852c9eaf-3d6f-433c-b0a9-1f39308a3dbb,?,re,?,api | dashboard | database | portfolio | workspace,5
b61f6b0d-3bc0-411c-b56b-16aa4d74272f,?,re,?,api | dashboard | database | portfolio | workspace,5
b52a3ccf-5369-4ea9-b41c-63d28034aa14,?,re,?,api | dashboard | database | portfolio | workspace,5
00902fe8-6b68-4e23-84ca-67eff90fc22b,?,re,?,api | dashboard | database | portfolio | workspace,5
441ec840-4799-4986-b515-9b687e0ea01a,?,edtech,?,api | authentication | dashboard | database | workspace,5
4e56b7b1-d067-4439-8832-f9557dc9f55e,?,re,?,api | dashboard | database | portfolio | workspace,5
0b5c6433-971d-4b04-94f9-6fca2e22d482,?,edtech,?,api | authentication | dashboard | database | workspace,5
1ae16ce2-e682-4bf0-afe7-8fa9685b18d5,?,re,?,api | dashboard | database | portfolio | workspace,5
f55e7200-983b-40d2-b70c-ad15bc7a4f5d,?,re,?,api | dashboard | database | portfolio | workspace,5
8769b4fa-e9db-4dc5-8db9-e14758883d29,?,re,?,api | dashboard | database | portfolio | workspace,5
43887ca4-c9b2-43a6-b09c-be78c08f3bae,?,con,?,api | construction | dashboard | database | workspace,5
ebedf936-77dc-4639-8ee2-5250c2764d8d,?,con,?,api | construction | dashboard | database | workspace,5
899b2735-58c1-40f5-8730-dfc63bbb3c85,?,con,?,api | construction | dashboard | database | workspace,5
4a98aa80-6818-454f-9467-fda52e8ed59f,?,con,?,api | construction | dashboard | database | workspace,5
6d1a9fbc-4bee-4776-a939-16c64ea8e28c,?,con,?,api | construction | dashboard | database | workspace,5
bfad159e-f38b-4d29-b4b4-d784ceefc54b,?,con,?,api | construction | dashboard | database | workspace,5
f3e0d6d3-4ec5-4b4f-9307-618392e749c6,?,con,?,api | construction | dashboard | database | workspace,5
ccc9e10c-4767-4a49-9424-3a3d3360e37b,?,con,?,api | construction | dashboard | database | workspace,5
7e4d233a-2e59-4cbf-b0ad-20018e0bd147,?,con,?,api | construction | dashboard | database | workspace,5
64df5998-36bb-4801-beb3-34088ab4bb3c,?,con,?,api | construction | dashboard | database | workspace,5
3639fa60-a2aa-4c02-85e6-bb1b8a2f3910,?,con,?,api | construction | dashboard | database | workspace,5
1d84705c-8ebd-4c0c-83cf-cf383951b7bb,?,con,?,api | construction | dashboard | database | workspace,5
2f0bd0aa-8800-4a7e-ae2d-8ce98c11e571,?,con,?,api | construction | dashboard | database | workspace,5
c9097876-1a20-4574-a8e5-29e893202132,?,market,?,api | authentication | dashboard | database | portfolio,5
44eacc62-7877-48ea-8ef6-80ebc1b0e846,?,market,?,api | authentication | dashboard | database | portfolio,5
8e2753b4-45a7-4962-8133-b68e39ecb7b6,?,infra,?,api | authentication | database | monitoring | security,5
9535c69f-9a5a-48bf-a7b1-4aed7892a4b8,?,infra,?,api | authentication | database | monitoring | security,5
203edd61-c09c-41e0-abef-16e704e8a993,?,infra,?,api | authentication | database | monitoring | security,5
b8200ab5-1190-49c0-b132-4724ca99e76b,?,infra,?,api | authentication | database | monitoring | security,5
69639ed0-9841-4162-9ace-487b616a5091,?,infra,?,api | authentication | database | monitoring | security,5
7a6cd400-f3e4-4653-8fcb-4c4c6a4918ab,?,infra,?,api | authentication | database | monitoring | security,5
d164ed2d-5fee-4093-8a56-497160748693,?,market,?,api | authentication | dashboard | database | portfolio,5
9c7bfa8b-7f10-4440-8653-fb724bb14b96,?,market,?,api | authentication | dashboard | database | portfolio,5
bfc7ced0-d7ac-4d3d-9c3c-0f986dd4fe00,?,market,?,api | authentication | dashboard | database | portfolio,5
81ecd43c-8fe7-4d72-b410-bd85f61ed134,?,market,?,api | authentication | dashboard | database | portfolio,5
8e3e7611-dbd2-4be2-bc92-d53f64b8faec,?,edtech,?,api | authentication | dashboard | database | workspace,5
165c6d9c-7d5a-437e-bd7b-32ef5591b556,?,edtech,?,api | authentication | dashboard | database | workspace,5
81a03724-68a5-4a57-bdfc-6439241ce809,?,edtech,?,api | authentication | dashboard | database | workspace,5
5469f98f-1926-4d43-9e44-d1e348e08b64,?,market,?,api | authentication | dashboard | database | portfolio,5
e5ba6735-4b66-48a7-8233-01e0820580e8,?,infra,?,api | authentication | database | monitoring | security,5
cd364a11-c88e-4bd2-8e33-597a2d0a1ec9,?,infra,?,api | authentication | database | monitoring | security,5
70a6dd47-0fe7-456e-bf0e-497b09bab3f4,?,market,?,api | authentication | dashboard | database | portfolio,5
eaa8a135-bbca-46d8-8b2d-d715e6cd642e,?,market,?,api | authentication | dashboard | database | portfolio,5
4533c051-374d-48ef-a99b-2717cc12f6da,?,infra,?,api | authentication | database | monitoring | security,5
76168880-aee5-4805-9d1e-3f46284bd73e,?,market,?,api | authentication | dashboard | database | portfolio,5
7520fa1f-0055-41a1-a995-9ab6324812be,?,market,?,api | authentication | dashboard | database | portfolio,5
774b5bed-dc3f-4806-9fb0-f5c21915d1d2,?,infra,?,api | authentication | database | monitoring | security,5
5c08d1ff-20c0-4a01-87cb-956b582323f6,?,infra,?,api | authentication | database | monitoring | security,5
3a5d86be-26e5-44f4-8ab2-e7c7725e98ba,?,devtools,?,api | authentication | dashboard | database | monitoring,5
974d3937-2057-4deb-89e2-c14f919472ab,?,devtools,?,api | authentication | dashboard | database | monitoring,5
f673b096-f211-4b65-9ff5-20a85605513b,?,market,?,api | authentication | dashboard | database | portfolio,5
c4744881-e122-4b66-9c48-f00e0d5d9313,?,market,?,api | authentication | dashboard | database | portfolio,5
b7a0e981-8ef3-45bf-ad1d-3cbd3b482ba9,?,market,?,api | authentication | dashboard | database | portfolio,5
d554d438-5692-4d11-8134-b46be9143aa2,?,market,?,api | authentication | dashboard | database | portfolio,5
82bae0ac-72af-4173-874c-de5254964862,?,market,?,api | authentication | dashboard | database | portfolio,5
f3a1e437-3730-4ecc-93de-8bd39ce4ab73,?,edtech,?,api | authentication | dashboard | database | workspace,5
32788fce-aee1-4580-be35-f23a5ba2e185,?,edtech,?,api | authentication | dashboard | database | workspace,5
f46b7bb4-f6c6-48f8-ba17-40df684211eb,?,edtech,?,api | authentication | dashboard | database | workspace,5
1f79d4d9-0ae0-4d61-9229-bf119ef3e3a9,?,market,?,api | authentication | dashboard | database | portfolio,5
efe6aa1a-59e0-47a7-91da-710cb64d17a3,?,market,?,api | authentication | dashboard | database | portfolio,5
48f21b48-6f8e-4e07-9469-3d7dc790c5a4,?,market,?,api | authentication | dashboard | database | portfolio,5
ca869877-a5bd-4565-a4eb-ffc45ceffdd3,?,infra,?,api | authentication | database | monitoring | security,5
592cbb78-a528-4de6-82bd-cf1ddbefe51b,?,infra,?,api | authentication | database | monitoring | security,5
222e6e87-7845-44af-971e-3b43b8691ec9,?,infra,?,api | authentication | database | monitoring | security,5
c1d528d4-8bfd-4660-9fb7-d835fe2daa36,?,infra,?,api | authentication | database | monitoring | security,5
3e9a6484-ddf8-4282-996b-b6e458e9b39c,?,infra,?,api | authentication | database | monitoring | security,5
63805485-2e71-4db8-ad26-c08b6b4835e1,?,infra,?,api | authentication | database | monitoring | security,5
344b87d3-150c-422f-9fab-21632cf5f464,?,market,?,api | authentication | dashboard | database | portfolio,5
a7e6761c-cc73-46ca-b4d1-3b1ab1aa2bb6,?,market,?,api | authentication | dashboard | database | portfolio,5
87003939-3647-4fb8-b810-5576913b0fb5,?,market,?,api | authentication | dashboard | database | portfolio,5
e316145d-57ff-420a-93da-56a34b0921cd,?,infra,?,api | authentication | database | monitoring | security,5
39bb131f-998c-4345-9905-8aebe1e526b9,?,infra,?,api | authentication | database | monitoring | security,5
1fa228ed-bb8b-4a8f-b019-29f445e2983e,?,infra,?,api | authentication | database | monitoring | security,5
1af98735-4007-4473-845b-83800d820bdd,?,infra,?,api | authentication | database | monitoring | security,5
8d079de0-f036-42a7-b886-62602bc23760,?,market,?,api | authentication | dashboard | database | portfolio,5
ba7d6e14-d315-4a40-8147-df365b2ebecf,?,market,?,api | authentication | dashboard | database | portfolio,5
465f5a33-6a8b-4bf2-847b-4a465c95e144,?,market,?,api | authentication | dashboard | database | portfolio,5
9778724e-b6e5-44ec-8aa6-e21712907a75,?,market,?,api | authentication | dashboard | database | portfolio,5
cf47fab6-7fc9-48dc-b9fc-45dd838454da,?,devtools,?,api | authentication | dashboard | database | monitoring,5
e515e6cd-a5a9-453d-80c6-fc11c9b7a602,?,market,?,api | authentication | dashboard | database | portfolio,5
e6ccb583-55bf-43c4-854b-6dfb0b196fca,?,market,?,api | authentication | dashboard | database | portfolio,5
7c528bb7-3515-479f-9928-de0dbdd423c2,?,market,?,api | authentication | dashboard | database | portfolio,5
7ebbb0c4-8720-45ad-948d-4e0e06dd34d6,?,infra,?,api | authentication | database | monitoring | security,5
39596661-535e-4f2a-8dda-27d1a00d11c1,?,infra,?,api | authentication | database | monitoring | security,5
efa5c705-5afa-45c0-a27c-94c4e1f966ba,?,infra,?,api | authentication | database | monitoring | security,5
75a5ac21-7939-4c50-98e1-9e4cef26c5db,?,infra,?,api | authentication | database | monitoring | security,5
fe66b03d-776e-4c47-9088-f2cca0c530da,?,infra,?,api | authentication | database | monitoring | security,5
a5d1b865-4907-4660-b8f5-de7a837c1e13,?,infra,?,api | authentication | database | monitoring | security,5
9f124150-2361-4a56-9b65-25bf157df311,?,infra,?,api | authentication | database | monitoring | security,5
d4520ce3-e9b3-4d97-ab36-beebe074938a,?,infra,?,api | authentication | database | monitoring | security,5
1a613d71-cdf4-44de-bc9f-91c0d8f9284c,?,infra,?,api | authentication | database | monitoring | security,5
6d13bcce-e856-4085-b615-aa4b639ea9cb,?,infra,?,api | authentication | database | monitoring | security,5
910045da-ac4a-4fa3-8041-15eec3658674,?,infra,?,api | authentication | database | monitoring | security,5
6228a196-53c1-4798-a226-a9a98bc987e7,?,infra,?,api | authentication | database | monitoring | security,5
e2099922-c03e-463e-8b72-744a4fbf93db,?,infra,?,api | authentication | database | monitoring | security,5
36ee7c26-d6b6-47ff-a68c-105df6e12149,?,infra,?,api | authentication | database | monitoring | security,5
d93dd5eb-9f10-44aa-a99d-d4eb44a83acc,?,devtools,?,api | authentication | dashboard | database | monitoring,5
63684a0a-d318-487e-aee9-eb70347fdc04,?,edtech,?,api | authentication | dashboard | database | workspace,5
89eda625-6182-4a89-b469-d3a926f16591,?,edtech,?,api | authentication | dashboard | database | workspace,5
649519c6-9a3d-4213-bf0e-06d17caecd6d,?,edtech,?,api | authentication | dashboard | database | workspace,5
5a37a3c2-1d1d-47ef-b37a-33ab4e203cf0,?,edtech,?,api | authentication | dashboard | database | workspace,5
6c67f50e-b6ae-44d8-9107-2482914ed3f5,?,market,?,api | authentication | dashboard | database | portfolio,5
c60f76e3-d4fb-4978-aca2-9f38198a4cf2,?,devtools,?,api | authentication | dashboard | database | monitoring,5
7b51ad29-9423-424f-83e9-e3865cc498ef,?,market,?,api | authentication | dashboard | database | portfolio,5
35cda89c-dc7c-4391-8323-5d8237921766,?,market,?,api | authentication | dashboard | database | portfolio,5
5d1dba3e-c471-4576-8a95-3046773736d3,?,market,?,api | authentication | dashboard | database | portfolio,5
f999b069-6bfe-47b6-9291-64f2477fe2cf,?,market,?,api | authentication | dashboard | database | portfolio,5
f9cf7ded-9f65-4bf8-851f-45c3a927951b,?,market,?,api | authentication | dashboard | database | portfolio,5
5db8782d-eae9-4d82-a273-695467be0159,?,market,?,api | authentication | dashboard | database | portfolio,5
1982f9d5-9906-4258-b726-8b7a1dc134ad,?,edtech,?,api | authentication | dashboard | database | workspace,5
fe3f5bec-194c-4cc5-a5b9-bb7eb4f0d768,?,market,?,api | authentication | dashboard | database | portfolio,5
863af29c-17ba-4e86-b796-048d1a97a443,?,market,?,api | authentication | dashboard | database | portfolio,5
18f6048f-e40f-4c14-b15a-7bb1a7a5f3a9,?,edtech,?,api | authentication | dashboard | database | workspace,5
d88bedf7-f645-4bb1-808a-2f13a96d6c21,?,edtech,?,api | authentication | dashboard | database | workspace,5
754a6478-d209-4875-97b7-99777e212742,?,edtech,?,api | authentication | dashboard | database | workspace,5
34bef434-d5d2-4dab-b6f4-594fa069d2cc,?,market,?,api | authentication | dashboard | database | portfolio,5
2c23bb1e-c24d-44fd-8acd-fe8b79856c0d,?,edtech,?,api | authentication | dashboard | database | workspace,5
8be57f27-71d3-48bc-b6d9-f5749a6b91a7,?,edtech,?,api | authentication | dashboard | database | workspace,5
1705ea92-cfb4-4491-9398-9eb0cb750c32,?,edtech,?,api | authentication | dashboard | database | workspace,5
7a6ea56f-3e04-4fc5-bf24-e12f4a4cee49,?,edtech,?,api | authentication | dashboard | database | workspace,5
18473bcf-98a9-48bb-93c9-1e22b475458a,?,edtech,?,api | authentication | dashboard | database | workspace,5
70623f59-4cac-43da-86d5-c73a378e3717,?,edtech,?,api | authentication | dashboard | database | workspace,5
dbfe774d-fa2a-4692-b246-68099c88b85c,?,market,?,api | authentication | dashboard | database | portfolio,5
5939b384-7df2-4b99-9ed4-c45ddb73d28b,?,edtech,?,api | authentication | dashboard | database | workspace,5
66f336ca-ac2d-4566-b711-7d8ee8d2e0df,?,market,?,api | authentication | dashboard | database | portfolio,5
c9ef5321-03f9-4c9e-8c92-c3fbaf73e773,?,market,?,api | authentication | dashboard | database | portfolio,5
7b38feca-5ac6-4526-9d3f-b7f4edc8e0aa,?,edtech,?,api | authentication | dashboard | database | workspace,5
8918a500-82d8-4a29-bd4a-469f2de96491,?,edtech,?,api | authentication | dashboard | database | workspace,5
6d7d63e5-66ea-43be-b359-3a1ca9e26838,?,edtech,?,api | authentication | dashboard | database | workspace,5
72b96cd0-5984-4223-b27c-d06f4420f48f,?,edtech,?,api | authentication | dashboard | database | workspace,5
607c9d4b-724a-4ebb-960a-b78ed76de826,?,devtools,?,api | authentication | dashboard | database | monitoring,5
59028581-6f24-4c4c-88f1-2e9efaf6b737,?,devtools,?,api | authentication | dashboard | database | monitoring,5
c28ad252-086b-4da9-ae2f-7a4421a005b3,?,devtools,?,api | authentication | dashboard | database | monitoring,5
f4d11787-2851-45c9-bfa2-88349762a37d,?,market,?,api | authentication | dashboard | database | portfolio,5
4872fb01-ff96-431c-9b25-c2a66ad5b763,?,market,?,api | authentication | dashboard | database | portfolio,5
d3c46e47-edf0-4e0a-bea5-aa03fc979d45,?,market,?,api | authentication | dashboard | database | portfolio,5
8d09481b-71b4-434e-87db-ef902fb4016d,?,market,?,api | authentication | dashboard | database | portfolio,5
5723b162-0c6f-4c98-a728-a2fdbbaed952,?,market,?,api | authentication | dashboard | database | portfolio,5
c86f1f74-1b0c-4298-bcb0-540ee11c30c1,?,market,?,api | authentication | dashboard | database | portfolio,5
91a1d2f1-71dc-4a13-8f6c-923b52090248,?,market,?,api | authentication | dashboard | database | portfolio,5
5706db7e-a0aa-4216-8a72-6e423d201490,?,market,?,api | authentication | dashboard | database | portfolio,5
23ea35ff-8a7e-46ac-b98e-6aebc0201d77,?,market,?,api | authentication | dashboard | database | portfolio,5
4e15bedf-ea71-46db-85b6-db02f9a878cd,?,market,?,api | authentication | dashboard | database | portfolio,5
d0345ab1-172d-4756-8b40-62f14e3aa180,?,market,?,api | authentication | dashboard | database | portfolio,5
dc861445-1f5e-4506-a1c9-61d3039e13c9,?,market,?,api | authentication | dashboard | database | portfolio,5
9768ddd8-b027-4369-9ae0-e7550b46d7b1,?,market,?,api | authentication | dashboard | database | portfolio,5
5f76f4f1-6910-4407-bdb8-a04b51507952,?,market,?,api | authentication | dashboard | database | portfolio,5
6e163a71-7804-4103-979e-4b2dd53f3486,?,market,?,api | authentication | dashboard | database | portfolio,5
bb87cbc7-7f6d-47b9-833d-92b299cc6227,?,market,?,api | authentication | dashboard | database | portfolio,5
e94b1fc3-1398-4311-92f8-0ef23007110c,?,market,?,api | authentication | dashboard | database | portfolio,5
70c45815-05f9-4c27-8428-719e4639b1fe,?,market,?,api | authentication | dashboard | database | portfolio,5
5cef7ad7-0af4-4caf-a5b3-437d60d84100,?,market,?,api | authentication | dashboard | database | portfolio,5
19c45bca-ebfb-4dde-8356-5a7fcb406344,?,market,?,api | authentication | dashboard | database | portfolio,5
65bcab5b-f1b9-425c-963a-674db3c88f2e,?,infra,?,api | authentication | database | monitoring | security,5
8daa80d5-9dc6-4f36-ae07-531d75b141c3,?,market,?,api | authentication | dashboard | database | portfolio,5
e0c4a3d9-eebb-40c4-94fc-778c2799ecb8,?,market,?,api | authentication | dashboard | database | portfolio,5
939878de-81aa-4603-9b28-4492e4d72451,?,market,?,api | authentication | dashboard | database | portfolio,5
9d34bc00-2b52-455c-8be7-a9bf8ed213ef,?,market,?,api | authentication | dashboard | database | portfolio,5
bd6ae181-40ec-439e-8fb2-d2a15abd8927,?,market,?,api | authentication | dashboard | database | portfolio,5
9ac4f7e2-560a-4868-9965-bb793789d2c0,?,market,?,api | authentication | dashboard | database | portfolio,5
778f1fff-2438-409b-b285-3c43fd9fad4c,?,market,?,api | authentication | dashboard | database | portfolio,5
952ed8f1-ed82-47a2-8fed-f32c90e21c50,?,market,?,api | authentication | dashboard | database | portfolio,5
7eec5582-b7d3-4814-b1e1-763ce7b7dc52,?,market,?,api | authentication | dashboard | database | portfolio,5
3c4a6a4e-aacd-4c85-b842-c01c18d67eed,?,market,?,api | authentication | dashboard | database | portfolio,5
ab88f4c6-bfbe-426a-b5be-9de15cbf26ce,?,market,?,api | authentication | dashboard | database | portfolio,5
96c2276c-5e6a-45ce-9684-726949515b92,?,market,?,api | authentication | dashboard | database | portfolio,5
932d609e-11b7-417e-a9da-dc37b7cb457b,?,market,?,api | authentication | dashboard | database | portfolio,5
782c3f1d-0127-464a-b1fa-812c2244f988,?,market,?,api | authentication | dashboard | database | portfolio,5
f0069c8b-ac87-4578-bbff-6ebbcc8dbff1,?,market,?,api | authentication | dashboard | database | portfolio,5
c7e0bd76-25c3-4a34-814e-9cdce4ba6809,?,devtools,?,api | authentication | dashboard | database | monitoring,5
2aa052f5-86fa-4b5f-b82c-3803b6fa0658,?,market,?,api | authentication | dashboard | database | portfolio,5
54310d28-55be-453f-ba14-c1fa7123c0fc,?,devtools,?,api | authentication | dashboard | database | monitoring,5
27843a05-3600-4e58-b7e7-a3fa98833782,?,devtools,?,api | authentication | dashboard | database | monitoring,5
fbcf2c5c-e26a-4eec-bb6d-f08c69775135,?,devtools,?,api | authentication | dashboard | database | monitoring,5
42bdbd59-4767-49d3-8fa8-ee850440658a,?,devtools,?,api | authentication | dashboard | database | monitoring,5
2afc29cb-4bb8-4f85-8a1d-d5e79f2124d5,?,devtools,?,api | authentication | dashboard | database | monitoring,5
318bd735-f2da-4275-b07f-1c48f67c84a4,?,devtools,?,api | authentication | dashboard | database | monitoring,5
2910ebdd-594e-436d-8775-fa972b17b13f,?,devtools,?,api | authentication | dashboard | database | monitoring,5
b1dfcf0b-77fe-4738-b2b3-46086996c73a,?,devtools,?,api | authentication | dashboard | database | monitoring,5
3fa42e76-1929-4fc0-bc7c-1cff095ca744,?,devtools,?,api | authentication | dashboard | database | monitoring,5
8da89383-4c18-4f89-b971-7be9634a59d4,?,devtools,?,api | authentication | dashboard | database | monitoring,5
bbc87e7b-3c1e-4943-8e72-baa206252462,?,devtools,?,api | authentication | dashboard | database | monitoring,5
e77dfaa6-4c0c-405a-80d7-900ee4315000,?,devtools,?,api | authentication | dashboard | database | monitoring,5
33c71527-b0d1-4e2b-b3f8-c0e556c5e0de,?,devtools,?,api | authentication | dashboard | database | monitoring,5
5dd71714-9d13-4391-bc0f-e3a5be51968b,?,devtools,?,api | authentication | dashboard | database | monitoring,5
e7db8a0f-4a0f-4c17-b2ba-1aa5a3f14cfd,?,devtools,?,api | authentication | dashboard | database | monitoring,5
aae4bb91-f8c0-4971-9733-f3bf13827125,?,devtools,?,api | authentication | dashboard | database | monitoring,5
7ddb1d25-8677-41dd-af5c-2e3081519676,?,devtools,?,api | authentication | dashboard | database | monitoring,5
3f137e95-1a79-4be9-9f29-255b45ba89fc,?,market,?,api | authentication | dashboard | database | portfolio,5
1972105c-4744-4d5f-8ff1-1d5e623dedd4,?,market,?,api | authentication | dashboard | database | portfolio,5
bf5bc673-2cc4-4055-baff-af79944b081b,?,market,?,api | authentication | dashboard | database | portfolio,5
85d90fdc-fe1f-44fe-8c2e-289ae62680df,?,market,?,api | authentication | dashboard | database | portfolio,5
b3e568d8-94c6-4a2e-8a4e-369ae8599d95,?,market,?,api | authentication | dashboard | database | portfolio,5
4cbc4879-fd8f-49cd-8e56-23650b8685c6,?,market,?,api | authentication | dashboard | database | portfolio,5
9a5aa02f-ac60-48bf-a38d-705835685df5,?,market,?,api | authentication | dashboard | database | portfolio,5
2341307d-f417-4696-8f8f-8900eee85251,?,market,?,api | authentication | dashboard | database | portfolio,5
b1fa7bc1-4ded-401b-ac28-e5b6378c8c8c,?,market,?,api | authentication | dashboard | database | portfolio,5
69cafbde-7fc1-4870-b3e6-3e5d4149db1c,?,market,?,api | authentication | dashboard | database | portfolio,5
8f0f0499-a814-429a-b20a-d1411b016a44,?,market,?,api | authentication | dashboard | database | portfolio,5
45b36031-545d-4ab0-acac-3aa3db786bcb,?,market,?,api | authentication | dashboard | database | portfolio,5
4b899fec-ce6a-4ada-b6be-d491c765c111,?,market,?,api | authentication | dashboard | database | portfolio,5
ef0b2fc8-daa6-408a-9f95-40059e9c64b7,?,market,?,api | authentication | dashboard | database | portfolio,5
f31db2ef-f6bc-441f-8fe8-f24f307a1612,?,market,?,api | authentication | dashboard | database | portfolio,5
f0f53215-f3d0-405a-9fae-7100d4bc4a29,?,market,?,api | authentication | dashboard | database | portfolio,5
7ac61052-8b16-4926-9d1c-180d55d137a7,?,market,?,api | authentication | dashboard | database | portfolio,5
f3dc0c40-ae8d-4a5f-aa76-9427152fad72,?,con,?,api | construction | dashboard | database | workspace,5
9c46c082-a263-4568-be84-f7ffabec8eda,?,devtools,?,api | authentication | dashboard | database | monitoring,5
484527cc-44f6-43f6-af66-a5d5744c370d,?,devtools,?,api | authentication | dashboard | database | monitoring,5
4f726b51-54a4-472d-9f27-78ae5868efb5,?,devtools,?,api | authentication | dashboard | database | monitoring,5
99b6908a-8869-480f-9cc3-f82e3ee15e00,?,infra,?,api | authentication | database | monitoring | security,5
f7a0bd5f-e055-49a7-87ad-36d53d8998c6,?,infra,?,api | authentication | database | monitoring | security,5
933b10c3-7a89-4d1b-82b1-febd2e6a61c1,?,infra,?,api | authentication | database | monitoring | security,5
4f023153-7cc2-4fd6-a3cd-f26cd8027276,?,infra,?,api | authentication | database | monitoring | security,5
783ccaf8-0436-4f3d-9284-79e695dcdf33,?,infra,?,api | authentication | database | monitoring | security,5
2b217759-65d7-4d87-bced-0e92d53f7731,?,infra,?,api | authentication | database | monitoring | security,5
ad144268-9278-4730-aac8-5ca2410c6e9c,?,devtools,?,api | authentication | dashboard | database | monitoring,5
983772dd-4f7e-47ce-afc6-99391b68aa7b,?,devtools,?,api | authentication | dashboard | database | monitoring,5
8c1bf10c-3b77-4866-9a66-9d6cf79ca183,?,devtools,?,api | authentication | dashboard | database | monitoring,5
2fb6e87b-cb75-429f-b212-1b62959a69d6,?,devtools,?,api | authentication | dashboard | database | monitoring,5
19572aad-b666-44dc-aff0-f39d630ece7d,?,devtools,?,api | authentication | dashboard | database | monitoring,5
8403d2c5-67ed-441c-bc22-8cae50439488,?,devtools,?,api | authentication | dashboard | database | monitoring,5
a4ee6bdf-0333-4f5f-b69e-d78b5ddc478a,?,devtools,?,api | authentication | dashboard | database | monitoring,5
ce33a2c6-164f-4af3-9caf-18d68ce7eb19,?,devtools,?,api | authentication | dashboard | database | monitoring,5
4eb03215-ebec-4529-b315-9bd4094687b8,?,devtools,?,api | authentication | dashboard | database | monitoring,5
95c489ba-d841-4d94-977c-b33190309d97,?,devtools,?,api | authentication | dashboard | database | monitoring,5
773b0048-8659-477f-8859-8378495dc667,?,devtools,?,api | authentication | dashboard | database | monitoring,5
7220407f-5263-4c7e-9cc4-67593b853661,?,devtools,?,api | authentication | dashboard | database | monitoring,5
8c27a047-693c-4e80-a4d9-d1fee4b14e6d,?,devtools,?,api | authentication | dashboard | database | monitoring,5
7d04489d-5b1e-4e2b-afb2-68b64e768ed9,?,devtools,?,api | authentication | dashboard | database | monitoring,5
785ecd3a-9d1b-4465-a65d-fdd093c2a41d,?,devtools,?,api | authentication | dashboard | database | monitoring,5
2dbe782e-9a2d-4c1d-876f-1809ee9b1044,?,infra,?,api | authentication | database | monitoring | security,5
72608f4f-f023-4385-821e-8ad4f20052ac,?,infra,?,api | authentication | database | monitoring | security,5
fafe2c68-f76b-4d84-9253-8ea7ac027ba4,?,infra,?,api | authentication | database | monitoring | security,5
ca25a4c2-eb95-4398-8a59-9582d5b1d55e,?,infra,?,api | authentication | database | monitoring | security,5
de1cd4e3-c1c1-4413-9ebf-38e5cc542990,?,devtools,?,api | authentication | dashboard | database | monitoring,5
d798fded-ea57-4f57-bc7b-d8da7dd04c61,?,devtools,?,api | authentication | dashboard | database | monitoring,5
e4a89c97-b32c-4d4e-b0d7-00f0e8ae2dd0,?,devtools,?,api | authentication | dashboard | database | monitoring,5
a0752d71-eb3d-4ba9-90b8-5f614fbaf4b6,?,devtools,?,api | authentication | dashboard | database | monitoring,5
784227e4-eee7-42d3-81dd-56c84e2bd49b,?,devtools,?,api | authentication | dashboard | database | monitoring,5
76da1050-6573-4962-acd6-03457e2ab645,?,devtools,?,api | authentication | dashboard | database | monitoring,5
d07a8663-445f-490b-a178-ac2d19a5120e,?,devtools,?,api | authentication | dashboard | database | monitoring,5
bf1ac472-40b5-4a68-8fc7-cb950d4cd142,?,devtools,?,api | authentication | dashboard | database | monitoring,5
a1fe0e85-0c38-4f3c-8f31-a6170dddfa05,?,devtools,?,api | authentication | dashboard | database | monitoring,5
f056380a-41a5-4b71-b862-f0617adffbb6,?,devtools,?,api | authentication | dashboard | database | monitoring,5
dbf8bf61-5599-467c-b5ad-fc1b6e3e4f83,?,devtools,?,api | authentication | dashboard | database | monitoring,5
5c2c7466-5d9e-4407-ae8f-1df9d3b589a4,?,devtools,?,api | authentication | dashboard | database | monitoring,5
557a4aa2-7e4e-4eb6-8970-59813355bf0f,?,devtools,?,api | authentication | dashboard | database | monitoring,5
b416b597-7785-44d4-b385-3474f465f588,?,infra,?,api | authentication | database | monitoring | security,5
ac384256-9843-484a-b8af-07a7c2e700e5,?,infra,?,api | authentication | database | monitoring | security,5
1fb0e709-9257-4ae0-813c-6cb58db2e67f,?,infra,?,api | authentication | database | monitoring | security,5
c81d179b-e9bd-4621-9ca6-4549ad54a4c5,?,infra,?,api | authentication | database | monitoring | security,5
8bbadd79-cc3b-4b86-8e03-cfcf42ba8020,?,infra,?,api | authentication | database | monitoring | security,5
bd4104e7-b7a8-46ff-a812-ab83ea81e18f,?,infra,?,api | authentication | database | monitoring | security,5
df8ee065-d3df-42ba-965a-36aa4447dad0,?,infra,?,api | authentication | database | monitoring | security,5
5aa9e65e-074b-4408-807c-0a61a3933178,?,infra,?,api | authentication | database | monitoring | security,5
a81be96a-951a-4afd-95c3-5cf9ef8bd6a4,?,devtools,?,api | authentication | dashboard | database | monitoring,5
dadadc33-e64c-4c6e-a47b-4cafc13052ad,?,devtools,?,api | authentication | dashboard | database | monitoring,5
cb23cdff-eb11-4032-b28c-bdeb2ba30206,?,infra,?,api | authentication | database | monitoring | security,5
d16e5b60-facb-48d4-a756-1eb320e77b48,?,market,?,api | authentication | dashboard | database | portfolio,5
47f63152-0995-4ec3-b05a-aa6fa827cbd7,?,infra,?,api | authentication | database | monitoring | security,5
60a726f2-9209-404b-a0e5-dccb069e47e3,?,infra,?,api | authentication | database | monitoring | security,5
b1d14f32-5a17-4f6a-93a2-e6b71b9df4f9,?,infra,?,api | authentication | database | monitoring | security,5
66f63ebc-0cf0-41c6-87e0-ece2ac619d71,?,infra,?,api | authentication | database | monitoring | security,5
622c2502-572f-453f-93f4-13b966aa4d29,?,infra,?,api | authentication | database | monitoring | security,5
95727391-6ad0-4fd1-9802-046ed618ca5d,?,infra,?,api | authentication | database | monitoring | security,5
8d5ae8d2-1bbc-4f9f-b4d7-7ecc849614c9,?,market,?,api | authentication | dashboard | database | portfolio,5
dd8c7cb1-1fd7-45b2-9518-3d7bec60cf89,?,market,?,api | authentication | dashboard | database | portfolio,5
1c5521f5-b350-4cb0-b3a4-34736d9d383b,?,market,?,api | authentication | dashboard | database | portfolio,5
31c6fede-cbc0-44a0-8617-11c205aa0d84,?,market,?,api | authentication | dashboard | database | portfolio,5
b43d8d59-cf41-4e0d-9104-5d7aa1c7cc8b,?,market,?,api | authentication | dashboard | database | portfolio,5
183352d5-3ad0-46bc-830f-4609de0c8361,?,market,?,api | authentication | dashboard | database | portfolio,5
b3f6845c-1dcd-49dd-942a-d40a725a0c33,?,infra,?,api | authentication | database | monitoring | security,5
ebb70e0c-1063-4a75-a802-6388956cf2c9,?,infra,?,api | authentication | database | monitoring | security,5
b4aadd69-a0cd-4372-accb-0f10755d6931,?,infra,?,api | authentication | database | monitoring | security,5
5ed5ea2b-a0c7-49c6-88af-40910a9737b4,?,infra,?,api | authentication | database | monitoring | security,5
d948b9d2-9bdc-4bfc-9844-a1e41782328d,?,infra,?,api | authentication | database | monitoring | security,5
36187a90-6ff7-4f05-8b4f-a38f837a560f,?,infra,?,api | authentication | database | monitoring | security,5
6157c3ab-7857-4765-b145-e5fc04344d95,?,infra,?,api | authentication | database | monitoring | security,5
ea968b19-2da6-411f-b8be-2afe004e4eea,?,infra,?,api | authentication | database | monitoring | security,5
b562bbaa-659e-4974-8264-80065d382b01,?,devtools,?,api | authentication | dashboard | database | monitoring,5
57f222b2-4bd7-47fe-a6b9-4ca9fb85f397,?,market,?,api | authentication | dashboard | database | portfolio,5
dc041a65-d057-4b51-8f6a-ba84c53fb0a2,?,devtools,?,api | authentication | dashboard | database | monitoring,5
d3b24622-a957-4a68-9bb4-dc9e00d6a245,?,devtools,?,api | authentication | dashboard | database | monitoring,5
64ce1558-ee32-401f-b32d-282226c6334b,?,infra,?,api | authentication | database | monitoring | security,5
a261645e-f15b-413d-8da7-a5322ba956df,?,infra,?,api | authentication | database | monitoring | security,5
a306d181-86e5-4256-92ba-c37849a7cd19,?,devtools,?,api | authentication | dashboard | database | monitoring,5
2f16da0b-8695-4e68-afe3-b40d36cb83ea,?,infra,?,api | authentication | database | monitoring | security,5
213c42db-79a1-4d1f-84da-4f7fe03ab2fd,?,infra,?,api | authentication | database | monitoring | security,5
39a765a6-ab7e-4202-a7a0-2f46f2770030,?,infra,?,api | authentication | database | monitoring | security,5
8b0bf5f8-d060-4167-9db6-516793066349,?,devtools,?,api | authentication | dashboard | database | monitoring,5
ede0bdfb-19e6-42a3-935b-4850be760652,?,devtools,?,api | authentication | dashboard | database | monitoring,5
a308c3f3-0233-459a-9e84-6bdc4cfa3643,?,infra,?,api | authentication | database | monitoring | security,5
b389eacf-e7a7-48d9-8fd7-1d99d2dc97e5,?,devtools,?,api | authentication | dashboard | database | monitoring,5
b908c142-2cd7-4dd3-80a3-333072fc2139,?,market,?,api | authentication | dashboard | database | portfolio,5
f18dc898-2522-49f6-928c-7f9ca7598d20,?,market,?,api | authentication | dashboard | database | portfolio,5
75c46304-481e-4f5e-9d1a-ab0474e66c89,?,market,?,api | authentication | dashboard | database | portfolio,5
d6153a57-d968-48fd-aa9f-bf8ba187b554,?,market,?,api | authentication | dashboard | database | portfolio,5
59e5eaf3-ebcb-4166-b3f7-ad1535df269d,?,market,?,api | authentication | dashboard | database | portfolio,5
e6196ee6-bfda-4687-bff6-2ca57d6b5f4c,?,market,?,api | authentication | dashboard | database | portfolio,5
efb86511-f300-4a3b-b79c-fd66c475c586,?,market,?,api | authentication | dashboard | database | portfolio,5
507946b2-75db-480d-a46c-011213b4797f,?,market,?,api | authentication | dashboard | database | portfolio,5
248ceb22-f8ba-41b3-81e0-83deabb758af,?,market,?,api | authentication | dashboard | database | portfolio,5
46887285-5cb6-44c2-a347-9f941465932c,?,infra,?,api | authentication | database | monitoring | security,5
36b4103e-f7c1-4c87-a4fb-3c4d6d989890,?,infra,?,api | authentication | database | monitoring | security,5
ebfcbbfd-0c78-4a4a-bbfa-f093388079c1,?,ai,?,api | database | knowledge-graph | monitoring,4
acefbd2b-a175-4a66-a598-d551d89fb7ad,?,ai,?,api | database | knowledge-graph | monitoring,4
f13ca92d-2003-4bcc-a1b7-9ff740be2733,?,ai,?,api | database | knowledge-graph | monitoring,4
e59aaf3e-62d8-47b5-89cb-1bba1fa81404,?,ai,?,api | database | knowledge-graph | monitoring,4
0955b8a2-ea66-407c-b8f4-ff66a162c9f9,?,ai,?,api | database | knowledge-graph | monitoring,4
29799a86-6a8c-4a38-870b-05dc18536eee,?,ai,?,api | database | knowledge-graph | monitoring,4
068d1f15-87ae-483c-8f6d-d720b47353ad,?,ai,?,api | database | knowledge-graph | monitoring,4
844dce42-970c-41a2-9fe5-8d0b48a1e3de,?,ai,?,api | database | knowledge-graph | monitoring,4
2629051b-ee01-4bea-96a5-78d20d510974,?,ai,?,api | database | knowledge-graph | monitoring,4
5d2219fc-e6a0-4313-a159-2614709a6ca4,?,ai,?,api | database | knowledge-graph | monitoring,4
acaebb39-b849-4de5-ab89-6e9d17bef695,?,ai,?,api | database | knowledge-graph | monitoring,4
60c66a64-9fd3-4e83-9cec-25ebf8435b7c,?,ai,?,api | database | knowledge-graph | monitoring,4
75d57c4e-04e8-4c92-9b3e-4af48bb31e73,?,ai,?,api | database | knowledge-graph | monitoring,4
331be19d-de55-4ef5-816c-61b2864cc5f6,?,ai,?,api | database | knowledge-graph | monitoring,4
016c0093-6720-41b3-893a-c55ff3677484,?,ai,?,api | database | knowledge-graph | monitoring,4
60c4c576-e373-4bf6-95c4-17934c1ec1d9,?,ai,?,api | database | knowledge-graph | monitoring,4
74cd1d37-8e52-4440-a31c-43cd4be8e18b,?,ai,?,api | database | knowledge-graph | monitoring,4
616c179b-5df3-42f5-b7c8-49ae5b70d9ee,?,ai,?,api | database | knowledge-graph | monitoring,4
374e89eb-cbba-4476-ae24-9d60206b3dbe,?,ai,?,api | database | knowledge-graph | monitoring,4
fbf1cfaf-d3e5-413e-9880-5e6944cd3cf5,?,ai,?,api | database | knowledge-graph | monitoring,4
4dca4506-63b7-47fe-aaed-02f187174e0c,?,ai,?,api | database | knowledge-graph | monitoring,4
4f9fc8f1-343e-4350-b721-507bd19da93c,?,ai,?,api | database | knowledge-graph | monitoring,4
af7e5551-0af1-4c68-8358-cfdb842b2750,?,ai,?,api | database | knowledge-graph | monitoring,4
310c6e69-8b89-4b1f-b438-dc63dd0bc542,?,ai,?,api | database | knowledge-graph | monitoring,4
f04481bb-b6e9-4e0d-bad1-2480feed4a8f,?,ai,?,api | database | knowledge-graph | monitoring,4
d985554c-f2b7-4b93-9c0d-fb6415d1bcdf,?,ai,?,api | database | knowledge-graph | monitoring,4
cbc1103d-7555-46c6-bd06-d1e9a252d114,?,ai,?,api | database | knowledge-graph | monitoring,4
c7b8d47f-618a-457e-956d-ca1ea69613ef,?,ai,?,api | database | knowledge-graph | monitoring,4
70e9d207-5837-4acd-af2d-023fbab7ea82,?,ai,?,api | database | knowledge-graph | monitoring,4
cdb90c3f-c73c-4124-917f-e880bf648e9f,?,ai,?,api | database | knowledge-graph | monitoring,4
df80379c-7d48-40cb-8e3e-5837f6f71f95,?,ai,?,api | database | knowledge-graph | monitoring,4
61f08d5a-e28a-4569-a632-21becabb0eb5,?,ai,?,api | database | knowledge-graph | monitoring,4
f362e4a1-9b2a-4210-841c-32e5849f033c,?,ai,?,api | database | knowledge-graph | monitoring,4
09093afd-1fab-450c-b158-2987b6224e27,?,ai,?,api | database | knowledge-graph | monitoring,4
9f0ce87e-c94f-46c2-a3a6-3deca7f1683f,?,ai,?,api | database | knowledge-graph | monitoring,4
082c9549-b479-4b6b-a94d-039c24a9fd70,?,ai,?,api | database | knowledge-graph | monitoring,4
b746feb5-f28a-4b19-b5fd-99a4134f0811,?,ai,?,api | database | knowledge-graph | monitoring,4
3b81aa14-8681-4f7e-97c5-779f95583946,?,ai,?,api | database | knowledge-graph | monitoring,4
d35482fa-2f2f-4f1d-a547-e8ba9939523e,?,ai,?,api | database | knowledge-graph | monitoring,4
f9417c58-3412-4b2a-8f60-5935fb4b7880,?,ai,?,api | database | knowledge-graph | monitoring,4
d7e0e22f-afbb-47c0-9885-5d906a01cf92,?,ai,?,api | database | knowledge-graph | monitoring,4
6e32000d-b9a2-4ceb-980b-b86e4b4472ff,?,ai,?,api | database | knowledge-graph | monitoring,4
d7c6d5b8-6783-493c-bb58-1d185806c1e3,?,ai,?,api | database | knowledge-graph | monitoring,4
423e48d7-b18c-433c-976f-6891707eb8db,?,ai,?,api | database | knowledge-graph | monitoring,4
ae1db8ce-e797-4a15-9fe4-3bd28130ede1,?,ai,?,api | database | knowledge-graph | monitoring,4
85d16b40-5ac1-4de3-bf86-6f28db432856,?,ai,?,api | database | knowledge-graph | monitoring,4
2f9356bd-2837-42fd-85ff-24afab42dcf7,?,ai,?,api | database | knowledge-graph | monitoring,4
bd8b505a-f5cf-4b38-a76f-2421d2152ffb,?,ai,?,api | database | knowledge-graph | monitoring,4
dcc90fd7-aefc-4e45-b1e5-95703e50ea87,?,ai,?,api | database | knowledge-graph | monitoring,4
921d1fab-e2b2-407a-a7a5-2613443f7ce4,?,ai,?,api | database | knowledge-graph | monitoring,4
6e468241-bfde-4f52-a4e0-e48cf1c708c6,?,ai,?,api | database | knowledge-graph | monitoring,4
bb2867fc-3544-44d1-8990-2168165ffa9b,?,ai,?,api | database | knowledge-graph | monitoring,4
69a86ec5-7a1f-42b1-ae57-b976b548af46,?,ai,?,api | database | knowledge-graph | monitoring,4
d8574cc5-baa6-4f24-bc63-12992dd55968,?,ai,?,api | database | knowledge-graph | monitoring,4
6bbaa1e6-372f-4f89-b412-8558aa0b3f2f,?,ai,?,api | database | knowledge-graph | monitoring,4
6ae13ef3-1eb7-405e-874e-025f1a4133e5,?,ai,?,api | database | knowledge-graph | monitoring,4
b2c657be-d3be-4c35-9e5f-b5a0b9760346,?,ai,?,api | database | knowledge-graph | monitoring,4
31235023-353f-4589-a488-017922da121d,?,ai,?,api | database | knowledge-graph | monitoring,4
8aa1ac6e-558e-4c0d-ac86-f48764bfe189,?,ai,?,api | database | knowledge-graph | monitoring,4
462dc7ad-c2e9-4d02-a180-c1e675dc609a,?,ai,?,api | database | knowledge-graph | monitoring,4
813ea1ce-b9cb-46db-8d8b-8e30dbd2ff18,?,ai,?,api | database | knowledge-graph | monitoring,4
66ac7cd0-7c20-441b-a8c3-de3431b0edea,?,ai,?,api | database | knowledge-graph | monitoring,4
c9b5a5f2-5901-40aa-90a2-c7eda2259360,?,ai,?,api | database | knowledge-graph | monitoring,4
7cceb5d5-d2de-4a59-8527-c3d852a9f509,?,ai,?,api | database | knowledge-graph | monitoring,4
bddbf6d2-0a57-4029-8f4a-5a836f9b2518,?,ai,?,api | database | knowledge-graph | monitoring,4
d65afe5a-bdf0-4f71-8f0f-413a55166c5a,?,ai,?,api | database | knowledge-graph | monitoring,4
2d31ba4a-d946-4fb2-8313-6df24e866477,?,ai,?,api | database | knowledge-graph | monitoring,4
773d1607-b3bd-4fca-9b51-5195c4202d24,?,ai,?,api | database | knowledge-graph | monitoring,4
c733691c-866c-4f3a-86ca-cc71b2d86265,?,ai,?,api | database | knowledge-graph | monitoring,4
eb2d7881-299f-4dd2-9241-d579b309de2c,?,ai,?,api | database | knowledge-graph | monitoring,4
c74bf3af-4f91-4781-a379-e0ae3885030f,?,ai,?,api | database | knowledge-graph | monitoring,4
12b83702-3d09-4d1e-8153-309513fa9c5d,?,ai,?,api | database | knowledge-graph | monitoring,4
