company,sector,phone,city_state,website,priority,notes,status,last_touch
WB Moore Company,Electrical (commercial),(704) 331-9300,Charlotte NC 28206,wbmoore.com,HIGH,Large commercial electrical; explicit careers/employment page,not_contacted,
Roby Commercial,Electrical (commercial),(704) 334-5477,Charlotte NC 28208,roby.com,HIGH,Commercial electrical/mechanical; high headcount,not_contacted,
Recore Electrical Contractors,Electrical (industrial),(704) 867-1647,Gastonia NC 28052,recoreelectric.com,HIGH,Industrial/new-construction electrical,not_contacted,
US Electric Contractors Charlotte,Electrical,(980) 225-1458,Charlotte NC 28203,uselectriccontractors.com,MEDIUM,Residential + commercial,not_contacted,
David Long Electrical Contractor,Electrical,(704) 849-0007,Charlotte NC,davidlongelectrical.com,MEDIUM,30+ yrs; service fleet,not_contacted,
429 Electrical Contractors LLC,Electrical,(704) 572-5036,Concord NC 28027,,MEDIUM,HBA Charlotte member,not_contacted,
ARCOS Electric Inc,Electrical,(704) 598-8089,Charlotte NC 28269,,MEDIUM,HBA Charlotte member,not_contacted,
Carolina Electric Pros LLC,Electrical,(704) 713-3793,Charlotte NC 28203,,MEDIUM,HBA Charlotte member,not_contacted,
Havana Electric Inc,Electrical,(704) 406-7552,Monroe NC 28110,,MEDIUM,HBA Charlotte member,not_contacted,
Ideal Electrical Services Inc,Electrical,(704) 668-9451,Indian Trail NC 28079,,MEDIUM,HBA Charlotte member,not_contacted,
A&W Electric Inc,Electrical,(704) 333-4986,Charlotte NC 28206,,MEDIUM,HBA Charlotte member,not_contacted,
Aguirre Electric LLC,Electrical,(704) 200-3379,Stanfield NC 28163,,MEDIUM,HBA Charlotte member,not_contacted,
Bryant Electric Repair & Construction,Electrical,(704) 864-5703,Gastonia NC 28054,,MEDIUM,HBA Charlotte member,not_contacted,
Driggers Electric & Control Co,Electrical,(704) 527-2811,Charlotte NC 28217,,MEDIUM,HBA Charlotte member; controls,not_contacted,
New South Electrical Constructors,Electrical,(704) 528-5347,Troutman NC 28166,,MEDIUM,HBA Charlotte member; commercial,not_contacted,
Osborne Brothers Electric Inc,Electrical,(704) 926-0045,Huntersville NC 28070,,MEDIUM,HBA Charlotte member,not_contacted,
Preferred Electric Co Inc,Electrical,(704) 347-0446,Charlotte NC 28217,,MEDIUM,HBA Charlotte member,not_contacted,
Pro Power Electric,Electrical,(704) 860-0300,Charlotte NC 28209,,MEDIUM,HBA Charlotte member,not_contacted,
On Time Electrical (Dependaworthy),Electrical,(980) 256-3854,Charlotte NC 28273,itselectriccharlotte.com,MEDIUM,Residential + commercial; careers page,not_contacted,
ARC Electric Company,Electrical,(704) 821-7005,Monroe NC 28110,arcelectriccompany.com,MEDIUM,Residential/commercial,not_contacted,
Bates Electric Charlotte,Electrical,(704) 741-4919,Fort Mill SC 29708,bates-electric.com,MEDIUM,Residential/commercial/industrial,not_contacted,
Gianni Electrical Service,Electrical,(704) 995-9805,Charlotte NC,giannielectrical.net,LOW,Small/residential,not_contacted,
Morris-Jenkins,HVAC + Plumbing,(704) 357-0484,Charlotte NC 28273,morrisjenkins.com,HIGH,Very large home-services co; constant hiring,not_contacted,
Horne Heating & Air Conditioning,HVAC + Plumbing + Electrical,(704) 321-4173,Charlotte NC 28214,hornehvac.com,HIGH,40+ yrs; multi-trade; careers,not_contacted,
Acosta Heating Cooling & Electrical,HVAC + Electrical,(704) 292-6242,Charlotte NC,acostainc.com,HIGH,Family-owned since 1972; multi-trade,not_contacted,
City Air Experts,HVAC,(704) 737-9200,Charlotte NC 28203,cityairexperts.com,MEDIUM,Now Hiring posted,not_contacted,
Climate Systems,HVAC,(704) 525-0141,Charlotte NC 28217,,MEDIUM,Commercial HVAC,not_contacted,
IRV Plumbing Electric & HVAC,HVAC + Plumbing + Electrical,(704) 544-0200,Charlotte NC 28273,,MEDIUM,Multi-trade,not_contacted,
Patterson Heating & Air,HVAC,(704) 610-1489,Charlotte NC 28206,gopatterson.com,MEDIUM,Since 1946; commercial HVAC,not_contacted,
Bradham Comfort Services,HVAC + Electrical,(704) 912-1456,Charlotte NC 28214,bradhambrothers.com,MEDIUM,50 yrs; now hiring,not_contacted,
McClintock Heating & Cooling,HVAC + Plumbing + Electrical,(704) 321-5207,Matthews NC,mcclintockhvac.com,MEDIUM,Multi-trade; expanding,not_contacted,
JF Air and Heat,HVAC,(704) 999-7568,Charlotte NC 28277,,LOW,Smaller shop,not_contacted,
Travis Crawford Heating Cooling Plumbing Electrical,HVAC + Plumbing + Electrical,(704) 251-9762,Charlotte NC,traviscrawfordhvac.com,MEDIUM,Multi-trade since 2009,not_contacted,
Queen City Heating Air & Plumbing,HVAC + Plumbing,(704) 634-4466,Charlotte NC,queencityplumbingcharlotte.com,MEDIUM,Multi-trade,not_contacted,
Michael & Son (Charlotte),HVAC + Plumbing + Electrical,(704) 594-5420,Charlotte NC 28208,michaelandson.com,HIGH,Large multi-trade; high hiring volume,not_contacted,
E.R. Services (E.R. Plumbing),Plumbing,(704) 313-5375,Mint Hill NC 28227,erservicesclt.com,MEDIUM,Since 1997; employment-opportunities page,not_contacted,
Benjamin Franklin Plumbing Charlotte,Plumbing,(704) 802-1379,Charlotte NC 28273,benjaminfranklinplumbing.com,MEDIUM,Franchise; careers,not_contacted,
WyattWorks Plumbing Charlotte,Plumbing,(704) 825-5000,Charlotte NC,wyattworks.com,MEDIUM,40+ yrs,not_contacted,
Rideout Plumbing,Plumbing,(704) 375-0780,Charlotte NC,rideoutplumbing.com,LOW,Family-owned 35 yrs,not_contacted,
Bliss Plumbing,Plumbing,(704) 918-6004,Charlotte NC,plumbingbliss.com,LOW,Now hiring,not_contacted,
Superior Plumbing & Drains,Plumbing,,Monroe NC 28110,,LOW,Phone needs verify (area code); downtobid listing,not_contacted,
ARCO Design/Build Charlotte,Commercial GC (industrial),(704) 856-3056,Charlotte NC 28203,arcodb.com,HIGH,Industrial/warehouse/distribution; Pres. Eric Thompson,not_contacted,
Moser Commercial Construction LLC,Commercial GC,(704) 882-1700,Indian Trail NC 28079,,HIGH,HBA member; commercial,not_contacted,
MP Construction Corporation,Commercial GC,(704) 507-4482,Charlotte NC 28205,,MEDIUM,HBA member,not_contacted,
ML Lawson Construction,Commercial GC,(704) 400-1361,Indian Trail NC 28079,,MEDIUM,HBA member,not_contacted,
Mona Construction Company,Commercial GC,(704) 400-4914,Weddington NC 28173,,MEDIUM,HBA member,not_contacted,
Montrose LLC,Commercial GC,(704) 828-6096,Cornelius NC 28031,,MEDIUM,HBA member,not_contacted,
Alvakanda Construction (AVKD),Commercial GC,(704) 326-7014,Charlotte NC,avkdcompany.com,MEDIUM,Commercial upfit/remodel + ground-up,not_contacted,
Southside Constructors,Commercial GC,,Charlotte NC,southsideco.com,HIGH,Since 1999; 300+ commercial projects; pull phone from site,not_contacted,
Nance Construction,Commercial GC,,Charlotte NC,nancegc.com,MEDIUM,Commercial tenant improvements; pull phone from site,not_contacted,
Edifice Inc,Commercial GC (large),,Charlotte NC,edificeinc.com,HIGH,ENR Top 400; large; careers; pull phone from site,not_contacted,
McFarland Construction,Commercial GC,,Charlotte NC,mcfarlandconstructionus.com,MEDIUM,CM/GC/Design-Build; careers page; pull phone from site,not_contacted,
C4 Builders,Commercial GC,,Charlotte NC,c4builders.com,MEDIUM,Commercial interiors + ground-up; pull phone from site,not_contacted,
Evans General Contractors (Charlotte),Commercial GC,,Charlotte NC,evansgeneralcontractors.com,HIGH,Distribution/HQ/manufacturing; VP Chad Marshall; pull phone from site,not_contacted,
