shared_service,service_type,required_by_repos,required_for_tier,capacity_per_venture,billing_model,sla,cost_est_monthly
Supabase PostgreSQL,database,all repos,all tiers,100GB baseline + overage,per-project pay-as-you-go,99.9% uptime SLA,$25-100/month
Supabase Real-time,messaging,the-office|venture-hub|lt-009-hvac-technician-dispatch,1+,100 concurrent,included with DB,real-time delivery,$0 (included)
Supabase Auth,authentication,the-office|venture-hub|venture-factory-core,1+,unlimited users,included with DB,99.9% uptime,$0 (included)
Qdrant Vector DB,vector-search,iza-os-rag-system,0,1B embeddings baseline,per-vector pay-as-you-go,99.9% uptime,$50-200/month
ClickUp CRM,crm-platform,venture-hub|the-office,1,5000 tasks/month baseline,per-user-per-month,99% uptime,$300-500/month
Stripe Payment Processing,payment-processor,con-001-ace-construction|con-012-hvac-services|business-template-marketplace,2,unlimited transactions,2.9% + $0.30 per charge,99.99% uptime,$0 (transaction-based)
GitHub API,source-control,venture-factory-core|all repos,0,unlimited repos,included with account,99.9% uptime,$0 (GitHub)
MCP Servers (Slack|Gmail|GitHub|Supabase|ClickUp),integration-hub,iza-os-rag-system|all agents,0,unlimited connections,managed by org,varies by service,varies,"$0 (APIs) + compute"
Google Maps API,geolocation,con-001-ace-construction|lt-009-hvac-technician-dispatch,2,100K requests/month,per-request,99.95% uptime,$100-500/month
