source_repo,relationship,target,source_url
bw-001-up-next-code,POWERS,BW-001,https://github.com/Worldwidebro/bw-001-up-next-code
bw-001-up-next-code,POWERS,CON-010,https://github.com/Worldwidebro/bw-001-up-next-code
bw-001-up-next-code,POWERS,CON-012,https://github.com/Worldwidebro/bw-001-up-next-code
bw-001-up-next-code,ENABLES,Automation,https://github.com/Worldwidebro/bw-001-up-next-code
bw-001-up-next-code,ENABLES,Storage,https://github.com/Worldwidebro/bw-001-up-next-code
bw-001-up-next-business,POWERS,BW-001,https://github.com/Worldwidebro/bw-001-up-next-business
tech-060-ai-training-platform,POWERS,TECH-060,https://github.com/Worldwidebro/tech-060-ai-training-platform
tech-059-predictive-analytics-ai,POWERS,TECH-059,https://github.com/Worldwidebro/tech-059-predictive-analytics-ai
tech-059-predictive-analytics-ai,POWERS,CON-009,https://github.com/Worldwidebro/tech-059-predictive-analytics-ai
tech-059-predictive-analytics-ai,POWERS,CON-012,https://github.com/Worldwidebro/tech-059-predictive-analytics-ai
tech-059-predictive-analytics-ai,ENABLES,Analytics,https://github.com/Worldwidebro/tech-059-predictive-analytics-ai
tech-058-ai-ethics-auditor,POWERS,TECH-058,https://github.com/Worldwidebro/tech-058-ai-ethics-auditor
tech-057-machine-learning-builder,POWERS,TECH-057,https://github.com/Worldwidebro/tech-057-machine-learning-builder
tech-056-virtual-assistant-builder,POWERS,TECH-056,https://github.com/Worldwidebro/tech-056-virtual-assistant-builder
tech-055-ai-testing-platform,POWERS,TECH-055,https://github.com/Worldwidebro/tech-055-ai-testing-platform
tech-055-ai-testing-platform,ENABLES,Testing,https://github.com/Worldwidebro/tech-055-ai-testing-platform
tech-054-database-optimizer,POWERS,TECH-054,https://github.com/Worldwidebro/tech-054-database-optimizer
tech-054-database-optimizer,ENABLES,Storage,https://github.com/Worldwidebro/tech-054-database-optimizer
tech-053-network-security-ai,POWERS,TECH-053,https://github.com/Worldwidebro/tech-053-network-security-ai
tech-053-network-security-ai,ENABLES,Security,https://github.com/Worldwidebro/tech-053-network-security-ai
tech-052-recommendation-engine,POWERS,TECH-052,https://github.com/Worldwidebro/tech-052-recommendation-engine
tech-051-fraud-prevention-ai,POWERS,TECH-051,https://github.com/Worldwidebro/tech-051-fraud-prevention-ai
tech-049-speech-to-text-ai,POWERS,TECH-049,https://github.com/Worldwidebro/tech-049-speech-to-text-ai
tech-048-video-editor-ai,POWERS,TECH-048,https://github.com/Worldwidebro/tech-048-video-editor-ai
tech-048-video-editor-ai,ENABLES,Video,https://github.com/Worldwidebro/tech-048-video-editor-ai
tech-047-image-recognition-ai,POWERS,TECH-047,https://github.com/Worldwidebro/tech-047-image-recognition-ai
tech-046-sentiment-analyzer,POWERS,TECH-046,https://github.com/Worldwidebro/tech-046-sentiment-analyzer
tech-045-workflow-automation,POWERS,TECH-045,https://github.com/Worldwidebro/tech-045-workflow-automation
tech-045-workflow-automation,POWERS,CON-010,https://github.com/Worldwidebro/tech-045-workflow-automation
tech-045-workflow-automation,POWERS,CON-012,https://github.com/Worldwidebro/tech-045-workflow-automation
tech-045-workflow-automation,ENABLES,Automation,https://github.com/Worldwidebro/tech-045-workflow-automation
tech-044-data-visualization-ai,POWERS,TECH-044,https://github.com/Worldwidebro/tech-044-data-visualization-ai
tech-043-supply-chain-optimizer,POWERS,TECH-043,https://github.com/Worldwidebro/tech-043-supply-chain-optimizer
tech-042-smart-home-ai,POWERS,TECH-042,https://github.com/Worldwidebro/tech-042-smart-home-ai
tech-041-content-studio-ai,POWERS,TECH-041,https://github.com/Worldwidebro/tech-041-content-studio-ai
tech-041-content-studio-ai,ENABLES,Content Generation,https://github.com/Worldwidebro/tech-041-content-studio-ai
tech-040-cybersecurity-shield,POWERS,TECH-040,https://github.com/Worldwidebro/tech-040-cybersecurity-shield
tech-040-cybersecurity-shield,ENABLES,Security,https://github.com/Worldwidebro/tech-040-cybersecurity-shield
tech-039-blockchain-verifier-ai,POWERS,TECH-039,https://github.com/Worldwidebro/tech-039-blockchain-verifier-ai
tech-038-voice-assistant-ai,POWERS,TECH-038,https://github.com/Worldwidebro/tech-038-voice-assistant-ai
tech-037-customer-insights-ai,POWERS,TECH-037,https://github.com/Worldwidebro/tech-037-customer-insights-ai
tech-035-cloud-management-ai,POWERS,TECH-035,https://github.com/Worldwidebro/tech-035-cloud-management-ai
tech-034-ai-compliance-scanner,POWERS,TECH-034,https://github.com/Worldwidebro/tech-034-ai-compliance-scanner
tech-034-ai-compliance-scanner,ENABLES,Security,https://github.com/Worldwidebro/tech-034-ai-compliance-scanner
tech-033-quantum-algorithm-ai,POWERS,TECH-033,https://github.com/Worldwidebro/tech-033-quantum-algorithm-ai
tech-032-ai-integration-hub,POWERS,TECH-032,https://github.com/Worldwidebro/tech-032-ai-integration-hub
tech-031-edge-computing-ai,POWERS,TECH-031,https://github.com/Worldwidebro/tech-031-edge-computing-ai
tech-030-ai-monitoring-system,POWERS,TECH-030,https://github.com/Worldwidebro/tech-030-ai-monitoring-system
tech-030-ai-monitoring-system,POWERS,LT-009,https://github.com/Worldwidebro/tech-030-ai-monitoring-system
tech-030-ai-monitoring-system,ENABLES,Monitoring,https://github.com/Worldwidebro/tech-030-ai-monitoring-system
tech-029-digital-twin-ai,POWERS,TECH-029,https://github.com/Worldwidebro/tech-029-digital-twin-ai
tech-028-ai-training-platform,POWERS,TECH-028,https://github.com/Worldwidebro/tech-028-ai-training-platform
tech-027-predictive-analytics-ai,POWERS,TECH-027,https://github.com/Worldwidebro/tech-027-predictive-analytics-ai
tech-027-predictive-analytics-ai,POWERS,CON-009,https://github.com/Worldwidebro/tech-027-predictive-analytics-ai
tech-027-predictive-analytics-ai,POWERS,CON-012,https://github.com/Worldwidebro/tech-027-predictive-analytics-ai
tech-027-predictive-analytics-ai,ENABLES,Analytics,https://github.com/Worldwidebro/tech-027-predictive-analytics-ai
tech-026-ai-ethics-auditor,POWERS,TECH-026,https://github.com/Worldwidebro/tech-026-ai-ethics-auditor
ventures,ENABLES,Storage,https://github.com/Worldwidebro/ventures
venture-pipeline,POWERS,CON-009,https://github.com/Worldwidebro/venture-pipeline
venture-pipeline,POWERS,CON-011,https://github.com/Worldwidebro/venture-pipeline
venture-pipeline,POWERS,OPS-001,https://github.com/Worldwidebro/venture-pipeline
venture-pipeline,ENABLES,CRM,https://github.com/Worldwidebro/venture-pipeline
venture-factory-core,POWERS,CON-010,https://github.com/Worldwidebro/venture-factory-core
venture-factory-core,POWERS,CON-012,https://github.com/Worldwidebro/venture-factory-core
venture-factory-core,POWERS,OPS-001,https://github.com/Worldwidebro/venture-factory-core
venture-factory-core,ENABLES,Automation,https://github.com/Worldwidebro/venture-factory-core
obsidian-vault,ENABLES,Security,https://github.com/Worldwidebro/obsidian-vault
obsidian-vault,ENABLES,Knowledge Graph,https://github.com/Worldwidebro/obsidian-vault
maps,POWERS,LT-009,https://github.com/Worldwidebro/maps
maps,ENABLES,Routing,https://github.com/Worldwidebro/maps
maps,ENABLES,Knowledge Graph,https://github.com/Worldwidebro/maps
design-team,ENABLES,Digital Signature,https://github.com/Worldwidebro/design-team
_master-governance,ENABLES,Agents,https://github.com/Worldwidebro/_master-governance
xyops-integration,POWERS,LT-009,https://github.com/Worldwidebro/xyops-integration
xyops-integration,ENABLES,Monitoring,https://github.com/Worldwidebro/xyops-integration
xyops-integration,ENABLES,Deployment,https://github.com/Worldwidebro/xyops-integration
documenso,ENABLES,Digital Signature,https://github.com/documenso/documenso
plane,ENABLES,Deployment,https://github.com/makeplane/plane
coolify,POWERS,marketplace-core,https://github.com/coollabsio/coolify
coolify,ENABLES,Deployment,https://github.com/coollabsio/coolify
coolify,ENABLES,Storage,https://github.com/coollabsio/coolify
langfuse,POWERS,CON-009,https://github.com/langfuse/langfuse
langfuse,POWERS,CON-012,https://github.com/langfuse/langfuse
langfuse,POWERS,LT-009,https://github.com/langfuse/langfuse
langfuse,ENABLES,Analytics,https://github.com/langfuse/langfuse
langfuse,ENABLES,Agents,https://github.com/langfuse/langfuse
rabbitmq-server,POWERS,CON-009,https://github.com/rabbitmq/rabbitmq-server
rabbitmq-server,POWERS,CON-010,https://github.com/rabbitmq/rabbitmq-server
rabbitmq-server,ENABLES,Messaging,https://github.com/rabbitmq/rabbitmq-server
neo4j,ENABLES,Knowledge Graph,https://github.com/neo4j/neo4j
neo4j,ENABLES,Storage,https://github.com/neo4j/neo4j
qdrant,ENABLES,Search,https://github.com/qdrant/qdrant
qdrant,ENABLES,RAG,https://github.com/qdrant/qdrant
kong,ENABLES,API,https://github.com/Kong/kong
kong,ENABLES,AI,https://github.com/Kong/kong
meilisearch,POWERS,marketplace-core,https://github.com/meilisearch/meilisearch
meilisearch,ENABLES,Search,https://github.com/meilisearch/meilisearch
meilisearch,ENABLES,API,https://github.com/meilisearch/meilisearch
typesense,ENABLES,Search,https://github.com/typesense/typesense
datahub,ENABLES,Agents,https://github.com/datahub-project/datahub
daily_stock_analysis,ENABLES,Agents,https://github.com/ZhuLinsen/daily_stock_analysis
daily_stock_analysis,ENABLES,AI,https://github.com/ZhuLinsen/daily_stock_analysis
papermark,ENABLES,Authentication,https://github.com/papermark/papermark
anytype-ts,ENABLES,Testing,https://github.com/anyproto/anytype-ts
tirreno,POWERS,LT-009,https://github.com/tirrenotechnologies/tirreno
tirreno,ENABLES,Monitoring,https://github.com/tirrenotechnologies/tirreno
reactive-resume,ENABLES,Authentication,https://github.com/amruthpillai/reactive-resume
easy-vibe,ENABLES,Agents,https://github.com/datawhalechina/easy-vibe
easy-vibe,ENABLES,AI,https://github.com/datawhalechina/easy-vibe
12-factor-agents,ENABLES,Agents,https://github.com/humanlayer/12-factor-agents
12-factor-agents,ENABLES,AI,https://github.com/humanlayer/12-factor-agents
academic-research-skills,POWERS,CON-009,https://github.com/Imbad0202/academic-research-skills
academic-research-skills,POWERS,CON-011,https://github.com/Imbad0202/academic-research-skills
academic-research-skills,POWERS,OPS-001,https://github.com/Imbad0202/academic-research-skills
academic-research-skills,ENABLES,Search,https://github.com/Imbad0202/academic-research-skills
academic-research-skills,ENABLES,CRM,https://github.com/Imbad0202/academic-research-skills
ai-engineering-from-scratch,ENABLES,Agents,https://github.com/rohitg00/ai-engineering-from-scratch
ai-engineering-from-scratch,ENABLES,AI,https://github.com/rohitg00/ai-engineering-from-scratch
cal.diy,POWERS,marketplace-core,https://github.com/calcom/cal.diy
cal.diy,ENABLES,Authentication,https://github.com/calcom/cal.diy
cal.diy,ENABLES,Storage,https://github.com/calcom/cal.diy
Ghost,POWERS,LT-009,https://github.com/TryGhost/Ghost
Ghost,ENABLES,Monitoring,https://github.com/TryGhost/Ghost
Ghost,ENABLES,Content Generation,https://github.com/TryGhost/Ghost
n8n,POWERS,CON-010,https://github.com/n8n-io/n8n
n8n,POWERS,CON-012,https://github.com/n8n-io/n8n
n8n,POWERS,OPS-001,https://github.com/n8n-io/n8n
n8n,ENABLES,Automation,https://github.com/n8n-io/n8n
n8n,ENABLES,API,https://github.com/n8n-io/n8n
medusa,POWERS,CON-009,https://github.com/medusajs/medusa
medusa,POWERS,CON-011,https://github.com/medusajs/medusa
medusa,POWERS,CON-012,https://github.com/medusajs/medusa
medusa,ENABLES,Marketplace,https://github.com/medusajs/medusa
listmonk,POWERS,marketplace-core,https://github.com/knadh/listmonk
listmonk,POWERS,CON-009,https://github.com/knadh/listmonk
listmonk,POWERS,CON-010,https://github.com/knadh/listmonk
listmonk,ENABLES,Payments,https://github.com/knadh/listmonk
listmonk,ENABLES,Messaging,https://github.com/knadh/listmonk
penpot,ENABLES,Digital Signature,https://github.com/penpot/penpot
SocratiCode,ENABLES,AI,https://github.com/giancarloerra/SocratiCode
the-architect,POWERS,CON-010,https://github.com/Hainrixz/the-architect
the-architect,POWERS,CON-012,https://github.com/Hainrixz/the-architect
the-architect,POWERS,OPS-001,https://github.com/Hainrixz/the-architect
the-architect,ENABLES,Automation,https://github.com/Hainrixz/the-architect
the-architect,ENABLES,Agents,https://github.com/Hainrixz/the-architect
9router,POWERS,LT-009,https://github.com/decolua/9router
9router,ENABLES,Agents,https://github.com/decolua/9router
9router,ENABLES,AI,https://github.com/decolua/9router
CloakBrowser,POWERS,CON-010,https://github.com/CloakHQ/CloakBrowser
CloakBrowser,POWERS,CON-012,https://github.com/CloakHQ/CloakBrowser
CloakBrowser,POWERS,OPS-001,https://github.com/CloakHQ/CloakBrowser
CloakBrowser,ENABLES,Automation,https://github.com/CloakHQ/CloakBrowser
CloakBrowser,ENABLES,Agents,https://github.com/CloakHQ/CloakBrowser
AiToEarn,ENABLES,API,https://github.com/yikart/AiToEarn
orbstack,ENABLES,Deployment,https://github.com/orbstack/orbstack
system-design-101,ENABLES,Digital Signature,https://github.com/ByteByteGoHq/system-design-101
ppt-master,ENABLES,Agents,https://github.com/hugohe3/ppt-master
Pixelle-Video,ENABLES,Video,https://github.com/AIDC-AI/Pixelle-Video
maigret,ENABLES,Security,https://github.com/soxoj/maigret
maigret,ENABLES,API,https://github.com/soxoj/maigret
