Rank,Venture Name,Sector,Sector Lead,Monthly Revenue,Repo 1,Repo 2,Repo 3,Repo 4,Phase 4 Start,Phase 5 Start,Phase 11 Start
1,Luggage Ai,Market,Marketplace Specialist,3500,marketplace-core,vendor-onboarding,payment-settlement,review-system,Week 1,Week 2,Week 3
2,Home Appliance Ai,Market,Marketplace Specialist,3500,marketplace-core,vendor-onboarding,payment-settlement,review-system,Week 1,Week 2,Week 3
3,Tool Shop Ai,Market,Marketplace Specialist,3500,marketplace-core,vendor-onboarding,payment-settlement,review-system,Week 1,Week 2,Week 3
4,Costume Shop Ai,Market,Marketplace Specialist,3500,marketplace-core,vendor-onboarding,payment-settlement,review-system,Week 1,Week 2,Week 3
5,Fulfillment Network Ai,Market,Marketplace Specialist,3500,marketplace-core,vendor-onboarding,payment-settlement,review-system,Week 1,Week 2,Week 3
6,Visual Search Ai,Market,Marketplace Specialist,3500,marketplace-core,vendor-onboarding,payment-settlement,review-system,Week 1,Week 2,Week 3
7,Abandoned Cart Recovery,Market,Marketplace Specialist,3500,marketplace-core,vendor-onboarding,payment-settlement,review-system,Week 1,Week 2,Week 3
8,Seasonal Trend Predictor,Market,Marketplace Specialist,3500,marketplace-core,vendor-onboarding,payment-settlement,review-system,Week 1,Week 2,Week 3
9,Influencer Matchmaker,Market,Marketplace Specialist,3500,marketplace-core,vendor-onboarding,payment-settlement,review-system,Week 1,Week 2,Week 3
10,Live Commerce Platform,Market,Marketplace Specialist,3500,marketplace-core,vendor-onboarding,payment-settlement,review-system,Week 1,Week 2,Week 3
11,Ai Supplier Matching,Market,Marketplace Specialist,3500,marketplace-core,vendor-onboarding,payment-settlement,review-system,Week 1,Week 2,Week 3
12,Garden Supply Ai,Market,Marketplace Specialist,3500,marketplace-core,vendor-onboarding,payment-settlement,review-system,Week 1,Week 2,Week 3
13,Review Aggregator Ai,Market,Marketplace Specialist,3500,marketplace-core,vendor-onboarding,payment-settlement,review-system,Week 1,Week 2,Week 3
14,Ai Logistics Planner,Market,Marketplace Specialist,3500,marketplace-core,vendor-onboarding,payment-settlement,review-system,Week 1,Week 2,Week 3
15,Ai Trend Hunter,Market,Marketplace Specialist,3500,marketplace-core,vendor-onboarding,payment-settlement,review-system,Week 1,Week 2,Week 3
16,Ai Market Research,Market,Marketplace Specialist,3500,marketplace-core,vendor-onboarding,payment-settlement,review-system,Week 1,Week 2,Week 3
17,Ai Competitor Watcher,Market,Marketplace Specialist,3500,marketplace-core,vendor-onboarding,payment-settlement,review-system,Week 1,Week 2,Week 3
18,Ai Packaging Designer,Market,Marketplace Specialist,3500,marketplace-core,vendor-onboarding,payment-settlement,review-system,Week 1,Week 2,Week 3
19,Ai Color Match,Market,Marketplace Specialist,3500,marketplace-core,vendor-onboarding,payment-settlement,review-system,Week 1,Week 2,Week 3
20,Ai Fabric Advisor,Market,Marketplace Specialist,3500,marketplace-core,vendor-onboarding,payment-settlement,review-system,Week 1,Week 2,Week 3
21,Ai Fit Recommendation,Market,Marketplace Specialist,3500,marketplace-core,vendor-onboarding,payment-settlement,review-system,Week 1,Week 2,Week 3
22,Ai Outfit Builder,Market,Marketplace Specialist,3500,marketplace-core,vendor-onboarding,payment-settlement,review-system,Week 1,Week 2,Week 3
23,Ai Accessory Match,Market,Marketplace Specialist,3500,marketplace-core,vendor-onboarding,payment-settlement,review-system,Week 1,Week 2,Week 3
24,Ai Shoe Match,Market,Marketplace Specialist,3500,marketplace-core,vendor-onboarding,payment-settlement,review-system,Week 1,Week 2,Week 3
25,Ai Jewelry Match,Market,Marketplace Specialist,3500,marketplace-core,vendor-onboarding,payment-settlement,review-system,Week 1,Week 2,Week 3
26,Ai Bag Match,Market,Marketplace Specialist,3500,marketplace-core,vendor-onboarding,payment-settlement,review-system,Week 1,Week 2,Week 3
27,Ugc Content Aggregator,Market,Marketplace Specialist,3500,marketplace-core,vendor-onboarding,payment-settlement,review-system,Week 1,Week 2,Week 3
28,Dropship Hub,E-Commerce,E-Commerce Lead,3500,shopify-integration,stripe-payments,inventory-sync,shipping-api,Week 1,Week 2,Week 3
29,Virtual Try On Ai,E-Commerce,E-Commerce Lead,3500,shopify-integration,stripe-payments,inventory-sync,shipping-api,Week 1,Week 2,Week 3
30,Ski Gear Ai,E-Commerce,E-Commerce Lead,3500,shopify-integration,stripe-payments,inventory-sync,shipping-api,Week 1,Week 2,Week 3
31,Golf Gear Ai,E-Commerce,E-Commerce Lead,3500,shopify-integration,stripe-payments,inventory-sync,shipping-api,Week 1,Week 2,Week 3
32,Yoga Gear Ai,E-Commerce,E-Commerce Lead,3500,shopify-integration,stripe-payments,inventory-sync,shipping-api,Week 1,Week 2,Week 3
33,Garden Supply Ai,E-Commerce,E-Commerce Lead,3500,shopify-integration,stripe-payments,inventory-sync,shipping-api,Week 1,Week 2,Week 3
34,Collectible Ai,E-Commerce,E-Commerce Lead,3500,shopify-integration,stripe-payments,inventory-sync,shipping-api,Week 1,Week 2,Week 3
35,Ad Optimizer Ai,E-Commerce,E-Commerce Lead,3500,shopify-integration,stripe-payments,inventory-sync,shipping-api,Week 1,Week 2,Week 3
36,Hobby Shop Ai,E-Commerce,E-Commerce Lead,3500,shopify-integration,stripe-payments,inventory-sync,shipping-api,Week 1,Week 2,Week 3
37,Dynamic Pricing Engine,E-Commerce,E-Commerce Lead,3500,shopify-integration,stripe-payments,inventory-sync,shipping-api,Week 1,Week 2,Week 3
38,Ai Budget Stylist,E-Commerce,E-Commerce Lead,3500,shopify-integration,stripe-payments,inventory-sync,shipping-api,Week 1,Week 2,Week 3
39,Personal Shopper Ai,E-Commerce,E-Commerce Lead,3500,shopify-integration,stripe-payments,inventory-sync,shipping-api,Week 1,Week 2,Week 3
40,Surf Gear Ai,E-Commerce,E-Commerce Lead,3500,shopify-integration,stripe-payments,inventory-sync,shipping-api,Week 1,Week 2,Week 3
41,Fishing Gear Ai,E-Commerce,E-Commerce Lead,3500,shopify-integration,stripe-payments,inventory-sync,shipping-api,Week 1,Week 2,Week 3
42,Tool Shop Ai,E-Commerce,E-Commerce Lead,3500,shopify-integration,stripe-payments,inventory-sync,shipping-api,Week 1,Week 2,Week 3
43,Instant Brand Generator,E-Commerce,E-Commerce Lead,3500,shopify-integration,stripe-payments,inventory-sync,shipping-api,Week 1,Week 2,Week 3
44,Custom Sneaker Ai,E-Commerce,E-Commerce Lead,3500,shopify-integration,stripe-payments,inventory-sync,shipping-api,Week 1,Week 2,Week 3
45,Subscription Box Ai,E-Commerce,E-Commerce Lead,3500,shopify-integration,stripe-payments,inventory-sync,shipping-api,Week 1,Week 2,Week 3
46,Home Appliance Ai,E-Commerce,E-Commerce Lead,3500,shopify-integration,stripe-payments,inventory-sync,shipping-api,Week 1,Week 2,Week 3
47,Influencer Matchmaker,E-Commerce,E-Commerce Lead,3500,shopify-integration,stripe-payments,inventory-sync,shipping-api,Week 1,Week 2,Week 3
48,Fashion Designer Ai,E-Commerce,E-Commerce Lead,3500,shopify-integration,stripe-payments,inventory-sync,shipping-api,Week 1,Week 2,Week 3
49,Ai Powered Garbage Collection,Fintech,Fintech Lead,3500,plaid-integration,stripe-connect,kyc-automation,compliance-engine,Week 1,Week 2,Week 3
50,Automated Bookkeeping,Fintech,Fintech Lead,3500,plaid-integration,stripe-connect,kyc-automation,compliance-engine,Week 1,Week 2,Week 3
51,Invoice Factoring Ai,Fintech,Fintech Lead,3500,plaid-integration,stripe-connect,kyc-automation,compliance-engine,Week 1,Week 2,Week 3
52,Charity Donation Ai,Fintech,Fintech Lead,3500,plaid-integration,stripe-connect,kyc-automation,compliance-engine,Week 1,Week 2,Week 3
53,Expense Tracker Ai,Fintech,Fintech Lead,3500,plaid-integration,stripe-connect,kyc-automation,compliance-engine,Week 1,Week 2,Week 3
54,Wealth Transfer Ai,Fintech,Fintech Lead,3500,plaid-integration,stripe-connect,kyc-automation,compliance-engine,Week 1,Week 2,Week 3
55,Payment Gateway Ai,Fintech,Fintech Lead,3500,plaid-integration,stripe-connect,kyc-automation,compliance-engine,Week 1,Week 2,Week 3
56,Debt Consolidation Ai,Fintech,Fintech Lead,3500,plaid-integration,stripe-connect,kyc-automation,compliance-engine,Week 1,Week 2,Week 3
57,Crypto Tax Optimizer,Fintech,Fintech Lead,3500,plaid-integration,stripe-connect,kyc-automation,compliance-engine,Week 1,Week 2,Week 3
58,Ai Boss Hub Lite,Fintech,Fintech Lead,3500,plaid-integration,stripe-connect,kyc-automation,compliance-engine,Week 1,Week 2,Week 3
59,U Haul Rental Affiliate,Fintech,Fintech Lead,3500,plaid-integration,stripe-connect,kyc-automation,compliance-engine,Week 1,Week 2,Week 3
60,Tax Prep Filing Services,Fintech,Fintech Lead,3500,plaid-integration,stripe-connect,kyc-automation,compliance-engine,Week 1,Week 2,Week 3
61,Business Formation Services,Fintech,Fintech Lead,3500,plaid-integration,stripe-connect,kyc-automation,compliance-engine,Week 1,Week 2,Week 3
62,Trade Finance Ai,Fintech,Fintech Lead,3500,plaid-integration,stripe-connect,kyc-automation,compliance-engine,Week 1,Week 2,Week 3
63,Credit Repair Automation,Fintech,Fintech Lead,3500,plaid-integration,stripe-connect,kyc-automation,compliance-engine,Week 1,Week 2,Week 3
64,Financial Wellness Coach,Fintech,Fintech Lead,3500,plaid-integration,stripe-connect,kyc-automation,compliance-engine,Week 1,Week 2,Week 3
65,Ai Powered Garbage Collection,Financial,Financial Services Lead,3500,portfolio-management,tax-optimization,wealth-api,reporting-engine,Week 1,Week 2,Week 3
66,Charity Donation Ai,Financial,Financial Services Lead,3500,portfolio-management,tax-optimization,wealth-api,reporting-engine,Week 1,Week 2,Week 3
67,Financial Wellness Coach,Financial,Financial Services Lead,3500,portfolio-management,tax-optimization,wealth-api,reporting-engine,Week 1,Week 2,Week 3
68,Payment Gateway Ai,Financial,Financial Services Lead,3500,portfolio-management,tax-optimization,wealth-api,reporting-engine,Week 1,Week 2,Week 3
69,Debt Consolidation Ai,Financial,Financial Services Lead,3500,portfolio-management,tax-optimization,wealth-api,reporting-engine,Week 1,Week 2,Week 3
70,Budget Forecasting Ai,Financial,Financial Services Lead,3500,portfolio-management,tax-optimization,wealth-api,reporting-engine,Week 1,Week 2,Week 3
71,Automated Bookkeeping,Financial,Financial Services Lead,3500,portfolio-management,tax-optimization,wealth-api,reporting-engine,Week 1,Week 2,Week 3
72,Expense Tracker Ai,Financial,Financial Services Lead,3500,portfolio-management,tax-optimization,wealth-api,reporting-engine,Week 1,Week 2,Week 3
73,Wealth Transfer Ai,Financial,Financial Services Lead,3500,portfolio-management,tax-optimization,wealth-api,reporting-engine,Week 1,Week 2,Week 3
74,Crowdfunding Ai,Financial,Financial Services Lead,3500,portfolio-management,tax-optimization,wealth-api,reporting-engine,Week 1,Week 2,Week 3
75,Crypto Tax Optimizer,Financial,Financial Services Lead,3500,portfolio-management,tax-optimization,wealth-api,reporting-engine,Week 1,Week 2,Week 3
76,Escrow Automation,Financial,Financial Services Lead,3500,portfolio-management,tax-optimization,wealth-api,reporting-engine,Week 1,Week 2,Week 3
77,Credit Repair Automation,Financial,Financial Services Lead,3500,portfolio-management,tax-optimization,wealth-api,reporting-engine,Week 1,Week 2,Week 3
78,Investment Portfolio Ai,Financial,Financial Services Lead,3500,portfolio-management,tax-optimization,wealth-api,reporting-engine,Week 1,Week 2,Week 3
79,U Haul Rental Affiliate,Financial,Financial Services Lead,3500,portfolio-management,tax-optimization,wealth-api,reporting-engine,Week 1,Week 2,Week 3
80,Customer Insights Ai,Devtools,Developer Tools Lead,3500,api-framework,sdk-generator,documentation-engine,analytics-dashboard,Week 1,Week 2,Week 3
81,Blockchain Verifier Ai,Devtools,Developer Tools Lead,3500,api-framework,sdk-generator,documentation-engine,analytics-dashboard,Week 1,Week 2,Week 3
82,Content Studio Ai,Devtools,Developer Tools Lead,3500,api-framework,sdk-generator,documentation-engine,analytics-dashboard,Week 1,Week 2,Week 3
83,Smart Home Ai,Devtools,Developer Tools Lead,3500,api-framework,sdk-generator,documentation-engine,analytics-dashboard,Week 1,Week 2,Week 3
84,Data Visualization Ai,Devtools,Developer Tools Lead,3500,api-framework,sdk-generator,documentation-engine,analytics-dashboard,Week 1,Week 2,Week 3
85,Sentiment Analyzer,Devtools,Developer Tools Lead,3500,api-framework,sdk-generator,documentation-engine,analytics-dashboard,Week 1,Week 2,Week 3
86,Image Recognition Ai,Devtools,Developer Tools Lead,3500,api-framework,sdk-generator,documentation-engine,analytics-dashboard,Week 1,Week 2,Week 3
87,Robotics Training Ai,Devtools,Developer Tools Lead,3500,api-framework,sdk-generator,documentation-engine,analytics-dashboard,Week 1,Week 2,Week 3
88,Text To Speech Ai,Devtools,Developer Tools Lead,3500,api-framework,sdk-generator,documentation-engine,analytics-dashboard,Week 1,Week 2,Week 3
89,Fraud Prevention Ai,Devtools,Developer Tools Lead,3500,api-framework,sdk-generator,documentation-engine,analytics-dashboard,Week 1,Week 2,Week 3
90,Recommendation Engine,Devtools,Developer Tools Lead,3500,api-framework,sdk-generator,documentation-engine,analytics-dashboard,Week 1,Week 2,Week 3
91,Network Security Ai,Devtools,Developer Tools Lead,3500,api-framework,sdk-generator,documentation-engine,analytics-dashboard,Week 1,Week 2,Week 3
92,Speech To Text Ai,Devtools,Developer Tools Lead,3500,api-framework,sdk-generator,documentation-engine,analytics-dashboard,Week 1,Week 2,Week 3
93,Voice Assistant Ai,Devtools,Developer Tools Lead,3500,api-framework,sdk-generator,documentation-engine,analytics-dashboard,Week 1,Week 2,Week 3
94,Local Government Ai,Community,Community Manager,3500,discord-bot,community-guidelines,member-dashboard,event-platform,Week 1,Week 2,Week 3
95,Housing Assistance Ai,Community,Community Manager,3500,discord-bot,community-guidelines,member-dashboard,event-platform,Week 1,Week 2,Week 3
96,Cultural Exchange Ai,Community,Community Manager,3500,discord-bot,community-guidelines,member-dashboard,event-platform,Week 1,Week 2,Week 3
97,Senior Tech Support,Community,Community Manager,3500,discord-bot,community-guidelines,member-dashboard,event-platform,Week 1,Week 2,Week 3
98,Community Arts Ai,Community,Community Manager,3500,discord-bot,community-guidelines,member-dashboard,event-platform,Week 1,Week 2,Week 3
99,Community Wellness Ai,Community,Community Manager,3500,discord-bot,community-guidelines,member-dashboard,event-platform,Week 1,Week 2,Week 3
100,VitalSense,Health,Healthcare Lead,3500,hipaa-compliance,patient-records,telemedicine-api,medical-charts,Week 1,Week 2,Week 3
